Unnamed: 0,work_year,experience_level,employment_type,job_title,salary,salary_currency,salary_in_usd,employee_residence,remote_ratio,company_location,company_size
0,2020,-0.12437138861203878,0.02785445080482249,0.0954061586061601,70000,EUR,-0.4579044522885857,-1.446366195097786,0,-1.4912605166897923,-1.2403457692652027
1,2020,0.8434931355867756,0.02785445080482249,1.8992081704173833,260000,USD,2.083281507558465,-0.46052732749713665,0,-0.429997256571036,1.8201822061168218
2,2020,0.8434931355867756,0.02785445080482249,-1.3286480612448057,85000,GBP,-0.04617666998719166,-1.1177532392309029,50,-1.1166970131184666,0.2899182184258095
3,2020,-0.12437138861203878,0.02785445080482249,2.4688298583577697,20000,USD,-1.3018258115582,-0.9534467612974613,0,-0.9918425119280246,1.8201822061168218
4,2020,0.8434931355867756,0.02785445080482249,1.6143973264471903,150000,USD,0.5317739862966603,0.7991556699925819,50,0.7561205047381624,-1.2403457692652027
5,2020,-2.0601004370096674,0.02785445080482249,-0.8539633212944837,72000,USD,-0.5683858924162558,0.7991556699925819,100,0.7561205047381624,-1.2403457692652027
6,2020,0.8434931355867756,0.02785445080482249,1.2346495344869326,190000,USD,1.095958539482771,0.7991556699925819,100,0.7561205047381624,1.8201822061168218
7,2020,-0.12437138861203878,0.02785445080482249,0.0954061586061601,11000000,HUF,-1.0798897129486136,-0.8439091093418336,50,-0.8669880107375827,-1.2403457692652027
8,2020,-0.12437138861203878,0.02785445080482249,-1.2337111132547411,135000,USD,0.3202047788518687,0.7991556699925819,100,0.7561205047381624,-1.2403457692652027
9,2020,0.8434931355867756,0.02785445080482249,1.1397125864968682,125000,USD,0.179158640555341,0.032392106303187986,50,0.13184799878595274,1.8201822061168218
10,2020,-2.0601004370096674,0.02785445080482249,0.0954061586061601,45000,EUR,-0.8600552017996455,-1.1725220652087167,0,-1.1791242637136876,1.8201822061168218
11,2020,-0.12437138861203878,0.02785445080482249,0.0954061586061601,3000000,INR,-1.0129492157130815,-0.7343714573862059,0,-0.6797062589519198,-1.2403457692652027
12,2020,-2.0601004370096674,0.02785445080482249,0.0954061586061601,35000,EUR,-1.0209183225268352,-1.1725220652087167,0,-1.1791242637136876,0.2899182184258095
13,2020,-0.12437138861203878,0.02785445080482249,1.0447756385068039,87000,USD,-0.3568166849714643,0.7991556699925819,100,0.7561205047381624,-1.2403457692652027
14,2020,-0.12437138861203878,0.02785445080482249,-0.8539633212944837,85000,USD,-0.3850259126307698,0.7991556699925819,100,0.7561205047381624,-1.2403457692652027
15,2020,-0.12437138861203878,0.02785445080482249,-0.8539633212944837,8000,USD,-1.4710811775140331,0.14192975825881568,50,0.1942752493811737,-1.2403457692652027
16,2020,-2.0601004370096674,0.02785445080482249,-0.3792785813441618,4450000,JPY,-0.995910842206861,-0.46052732749713665,100,-0.429997256571036,1.8201822061168218
17,2020,0.8434931355867756,0.02785445080482249,-1.3286480612448057,100000,EUR,0.02467080527915421,0.19669858423662953,100,-1.1166970131184666,1.8201822061168218
18,2020,-2.0601004370096674,0.02785445080482249,-0.18940468536403304,423000,INR,-1.503423057025427,-0.7343714573862059,50,-0.6797062589519198,0.2899182184258095
19,2020,-0.12437138861203878,0.02785445080482249,1.1397125864968682,56000,USD,-0.7940597136907002,0.30623623619225726,100,0.7561205047381624,0.2899182184258095
20,2020,-0.12437138861203878,0.02785445080482249,1.6143973264471903,299000,CNY,-0.9727510662985711,-1.6106726730312275,0,-1.6785422684754552,0.2899182184258095
21,2020,-0.12437138861203878,0.02785445080482249,2.4688298583577697,450000,INR,-1.4982748729776036,-0.7343714573862059,100,-0.6797062589519198,-1.2403457692652027
22,2020,0.8434931355867756,0.02785445080482249,-0.3792785813441618,42000,EUR,-0.9083211903247173,-1.062984413253089,50,-1.0542697625232456,-1.2403457692652027
23,2020,-0.12437138861203878,0.02785445080482249,-1.5185219572249344,98000,USD,-0.2016659328452838,0.7991556699925819,0,0.7561205047381624,0.2899182184258095
24,2020,-0.12437138861203878,0.02785445080482249,1.2346495344869326,115000,USD,0.0381125022588133,-2.2131297587871797,0,-2.2403875238324438,-1.2403457692652027
25,2020,-1.0922359128108532,0.02785445080482249,0.38021700257635327,325000,USD,3.000081406485895,0.7991556699925819,100,0.7561205047381624,-1.2403457692652027
26,2020,-2.0601004370096674,0.02785445080482249,2.563766806347834,42000,USD,-0.991524307305839,-0.022376719674625862,50,0.06942074819073177,-1.2403457692652027
27,2020,0.8434931355867756,0.02785445080482249,-0.3792785813441618,720000,MXN,-1.1112583741057613,-0.18668319760806742,0,-0.11786100359493114,1.8201822061168218
28,2020,-2.0601004370096674,-8.425971368458661,-1.2337111132547411,100000,USD,-0.17345670518597825,0.7991556699925819,100,0.7561205047381624,-1.2403457692652027
29,2020,0.8434931355867756,0.02785445080482249,1.804271222427319,157000,CAD,0.06778860975640273,-1.774979150964669,50,-1.8658240202611183,-1.2403457692652027
30,2020,-0.12437138861203878,0.02785445080482249,-0.28434163335409746,51999,EUR,-0.747472174211357,-1.446366195097786,100,-1.4912605166897923,1.8201822061168218
31,2020,-2.0601004370096674,0.02785445080482249,-1.3286480612448057,70000,USD,-0.5965951200755614,0.7991556699925819,100,0.7561205047381624,-1.2403457692652027
32,2020,0.8434931355867756,0.02785445080482249,0.0954061586061601,60000,EUR,-0.6187675730157756,-1.062984413253089,100,0.7561205047381624,-1.2403457692652027
33,2020,-0.12437138861203878,0.02785445080482249,2.563766806347834,450000,USD,4.763158135192491,0.7991556699925819,0,0.7561205047381624,0.2899182184258095
34,2020,-0.12437138861203878,0.02785445080482249,-0.8539633212944837,41000,EUR,-0.9244004500905214,-1.1725220652087167,50,-1.1791242637136876,-1.2403457692652027
35,2020,-0.12437138861203878,0.02785445080482249,-0.3792785813441618,65000,EUR,-0.5383430649590955,-2.103592106831552,50,-2.115533022642002,-1.2403457692652027
36,2020,-0.12437138861203878,0.02785445080482249,-0.18940468536403304,103000,USD,-0.13114286369701994,0.7991556699925819,100,0.7561205047381624,-1.2403457692652027
37,2020,-2.0601004370096674,0.02785445080482249,1.6143973264471903,250000,USD,1.9422353692619372,0.7991556699925819,50,0.7561205047381624,-1.2403457692652027
38,2020,-2.0601004370096674,0.02785445080482249,-0.8539633212944837,10000,USD,-1.4428719498547276,-0.07714554565243971,100,0.006993497595510797,1.8201822061168218
39,2020,-2.0601004370096674,0.02785445080482249,1.6143973264471903,138000,USD,0.362518620340827,0.7991556699925819,100,0.7561205047381624,1.8201822061168218
40,2020,-0.12437138861203878,0.02785445080482249,0.0954061586061601,45760,USD,-0.9384909593063445,0.08716093228100184,100,0.7561205047381624,1.8201822061168218
41,2020,-1.0922359128108532,0.02785445080482249,-0.28434163335409746,70000,EUR,-0.4579044522885857,-1.2272908911865306,50,-1.2415515143089084,-1.2403457692652027
42,2020,-0.12437138861203878,0.02785445080482249,1.7093342744372546,44000,EUR,-0.8761485661792793,0.30623623619225726,0,0.31912975057161563,0.2899182184258095
43,2020,-0.12437138861203878,0.02785445080482249,-0.3792785813441618,106000,USD,-0.08882902220806163,0.7991556699925819,100,0.7561205047381624,-1.2403457692652027
44,2020,-0.12437138861203878,0.02785445080482249,-0.3792785813441618,88000,GBP,0.008097884029312203,-1.1177532392309029,50,-1.1166970131184666,-1.2403457692652027
45,2020,-2.0601004370096674,4.254767360436565,1.4245234304670615,14000,EUR,-1.3587238237470192,-1.446366195097786,100,-1.4912605166897923,1.8201822061168218
46,2020,-0.12437138861203878,0.02785445080482249,0.0954061586061601,60000,GBP,-0.4984552170488374,-1.1177532392309029,100,-1.1166970131184666,1.8201822061168218
47,2020,0.8434931355867756,0.02785445080482249,-0.3792785813441618,188000,USD,1.0677493118234656,0.7991556699925819,100,0.7561205047381624,-1.2403457692652027
48,2020,-0.12437138861203878,0.02785445080482249,0.0954061586061601,105000,USD,-0.10293363603771441,0.7991556699925819,100,0.7561205047381624,-1.2403457692652027
49,2020,-0.12437138861203878,0.02785445080482249,-0.3792785813441618,61500,EUR,-0.5946345787532397,-1.1725220652087167,50,-1.1791242637136876,-1.2403457692652027
50,2020,-2.0601004370096674,0.02785445080482249,-0.8539633212944837,450000,INR,-1.4982748729776036,-0.7343714573862059,0,-0.6797062589519198,1.8201822061168218
51,2020,-2.0601004370096674,0.02785445080482249,-0.8539633212944837,91000,USD,-0.3003982296528532,0.7991556699925819,100,0.7561205047381624,-1.2403457692652027
52,2020,-2.0601004370096674,0.02785445080482249,-1.8982697491851919,300000,DKK,-0.9365727318255117,-1.3915973691199721,50,-1.4288332660945715,1.8201822061168218
53,2020,-2.0601004370096674,0.02785445080482249,-0.3792785813441618,48000,EUR,-0.8118033178884033,0.14192975825881568,100,-1.4912605166897923,-1.2403457692652027
54,2020,0.8434931355867756,-4.1990584588269195,-1.0438372172746124,60000,USD,-0.737641258372089,0.4705427141256988,100,0.7561205047381624,1.8201822061168218
55,2020,0.8434931355867756,0.02785445080482249,2.3738929103677053,130000,EUR,0.5072460628468941,-1.446366195097786,100,-1.4912605166897923,0.2899182184258095
56,2020,-0.12437138861203878,0.02785445080482249,0.0954061586061601,34000,EUR,-1.0369975822926394,-1.2272908911865306,100,-1.2415515143089084,0.2899182184258095
57,2020,-0.12437138861203878,0.02785445080482249,0.0954061586061601,118000,USD,0.0804263437477716,0.7991556699925819,100,0.7561205047381624,0.2899182184258095
58,2020,0.8434931355867756,0.02785445080482249,0.0954061586061601,120000,USD,0.10863557140707715,0.7991556699925819,50,0.7561205047381624,-1.2403457692652027
59,2020,-0.12437138861203878,0.02785445080482249,0.0954061586061601,138350,USD,0.3674552351812055,0.7991556699925819,100,0.7561205047381624,0.2899182184258095
60,2020,-0.12437138861203878,0.02785445080482249,-0.3792785813441618,110000,USD,-0.03241056688945055,0.7991556699925819,100,0.7561205047381624,-1.2403457692652027
61,2020,-0.12437138861203878,0.02785445080482249,-0.3792785813441618,130800,USD,0.26096540076732705,-1.2272908911865306,100,0.7561205047381624,0.2899182184258095
62,2020,-2.0601004370096674,4.254767360436565,0.0954061586061601,19000,EUR,-1.2782852110765095,-0.5700649794527644,50,-0.4924245071662569,1.8201822061168218
63,2020,0.8434931355867756,0.02785445080482249,0.0954061586061601,412000,USD,4.227182809665686,0.7991556699925819,100,0.7561205047381624,-1.2403457692652027
64,2020,0.8434931355867756,0.02785445080482249,1.6143973264471903,40000,EUR,-0.9404938144701552,-0.8986779353196475,100,-0.9294152613328037,1.8201822061168218
65,2020,-2.0601004370096674,0.02785445080482249,0.0954061586061601,55000,EUR,-0.6991920810724557,-1.446366195097786,50,-1.4912605166897923,1.8201822061168218
66,2020,-2.0601004370096674,0.02785445080482249,0.0954061586061601,43200,EUR,-0.8890119739919226,-1.446366195097786,0,-1.4912605166897923,1.8201822061168218
67,2020,0.8434931355867756,0.02785445080482249,0.0004692106160957145,190200,USD,1.0987794622487017,0.7991556699925819,100,0.7561205047381624,0.2899182184258095
68,2020,-2.0601004370096674,0.02785445080482249,0.0954061586061601,105000,USD,-0.10293363603771441,0.7991556699925819,100,0.7561205047381624,1.8201822061168218
69,2020,0.8434931355867756,0.02785445080482249,0.0954061586061601,80000,EUR,-0.2970554361752255,-2.103592106831552,0,-2.115533022642002,1.8201822061168218
70,2020,-0.12437138861203878,0.02785445080482249,0.0954061586061601,55000,EUR,-0.6991920810724557,-1.1725220652087167,50,-0.30514275538059404,1.8201822061168218
71,2020,-0.12437138861203878,0.02785445080482249,0.0954061586061601,37000,EUR,-0.9887456983813974,-1.1725220652087167,50,-1.1791242637136876,1.8201822061168218
72,2021,-2.0601004370096674,0.02785445080482249,2.563766806347834,60000,GBP,-0.41989251801767147,-1.1177532392309029,50,-1.1166970131184666,-1.2403457692652027
73,2021,-1.0922359128108532,0.02785445080482249,-1.5185219572249344,150000,USD,0.5317739862966603,-0.7343714573862059,100,0.7561205047381624,-1.2403457692652027
74,2021,-1.0922359128108532,0.02785445080482249,0.7599647945366108,235000,USD,1.7306661618171457,0.7991556699925819,100,0.7561205047381624,-1.2403457692652027
75,2021,0.8434931355867756,0.02785445080482249,0.0954061586061601,45000,EUR,-0.8336654693243651,-1.1725220652087167,50,-1.1791242637136876,-1.2403457692652027
76,2021,-0.12437138861203878,0.02785445080482249,-1.5185219572249344,100000,USD,-0.17345670518597825,0.7991556699925819,100,0.7561205047381624,0.2899182184258095
77,2021,-0.12437138861203878,4.254767360436565,-1.9932066971752562,400000,INR,-1.5076262319466636,-0.7343714573862059,50,-0.6797062589519198,0.2899182184258095
78,2021,-0.12437138861203878,-8.425971368458661,1.4245234304670615,270000,USD,2.2243276458549923,0.7991556699925819,100,0.7561205047381624,-1.2403457692652027
79,2021,-2.0601004370096674,0.02785445080482249,-0.8539633212944837,80000,USD,-0.4555489817790337,0.7991556699925819,100,0.7561205047381624,0.2899182184258095
80,2021,0.8434931355867756,0.02785445080482249,-0.7590263733044194,67000,EUR,-0.4668749866842448,-1.446366195097786,100,-1.4912605166897923,-1.2403457692652027
81,2021,-0.12437138861203878,0.02785445080482249,-0.3792785813441618,140000,USD,0.39072784800013255,0.7991556699925819,100,0.7561205047381624,-1.2403457692652027
82,2021,-0.12437138861203878,0.02785445080482249,-1.7083958532050632,68000,CAD,-0.8189120432585484,-1.1177532392309029,50,-1.8658240202611183,-1.2403457692652027
83,2021,-0.12437138861203878,0.02785445080482249,1.6143973264471903,40000,EUR,-0.917023737057613,-1.2272908911865306,100,-1.2415515143089084,1.8201822061168218
84,2021,-1.0922359128108532,0.02785445080482249,0.38021700257635327,130000,EUR,0.583495605209997,-0.5700649794527644,100,0.25670249997639466,-1.2403457692652027
85,2021,-0.12437138861203878,0.02785445080482249,-0.3792785813441618,110000,PLN,-1.182275104738063,0.19669858423662953,100,0.25670249997639466,-1.2403457692652027
86,2021,-2.0601004370096674,0.02785445080482249,-0.8539633212944837,50000,EUR,-0.7503072015911173,-1.1725220652087167,50,-1.1791242637136876,0.2899182184258095
87,2021,-0.12437138861203878,0.02785445080482249,-0.7590263733044194,110000,USD,-0.03241056688945055,0.7991556699925819,100,0.7561205047381624,-1.2403457692652027
88,2021,0.8434931355867756,0.02785445080482249,1.0447756385068039,170000,USD,0.8138662628897156,0.7991556699925819,100,0.7561205047381624,-1.2403457692652027
89,2021,0.8434931355867756,0.02785445080482249,-0.8539633212944837,80000,USD,-0.4555489817790337,-1.9392856288981106,100,0.7561205047381624,1.8201822061168218
90,2021,0.8434931355867756,0.02785445080482249,1.9941451184074477,75000,EUR,-0.3334876536972186,-1.062984413253089,100,-1.4288332660945715,-1.2403457692652027
91,2021,-2.0601004370096674,0.02785445080482249,-0.18940468536403304,65000,EUR,-0.500218293777544,-1.446366195097786,100,-1.4912605166897923,1.8201822061168218
92,2021,-0.12437138861203878,0.02785445080482249,1.0447756385068039,1450000,INR,-1.307340715565594,-0.7343714573862059,100,-0.6797062589519198,-1.2403457692652027
93,2021,0.8434931355867756,0.02785445080482249,1.1397125864968682,276000,USD,2.308955328832909,0.7991556699925819,0,0.7561205047381624,-1.2403457692652027
94,2021,-2.0601004370096674,0.02785445080482249,0.0954061586061601,2200000,INR,-1.1642917221052558,-0.7343714573862059,50,-0.6797062589519198,-1.2403457692652027
95,2021,-0.12437138861203878,0.02785445080482249,-1.1387741652646768,120000,SGD,-0.3244607008462408,0.5253115401035127,50,0.5064115023572785,-1.2403457692652027
96,2021,-2.0601004370096674,4.254767360436565,-1.8982697491851919,12000,USD,-1.414662722195422,-1.829747976942483,100,0.7561205047381624,1.8201822061168218
97,2021,-0.12437138861203878,0.02785445080482249,0.6650278465465463,450000,USD,4.763158135192491,0.7991556699925819,100,0.7561205047381624,-1.2403457692652027
98,2021,-2.0601004370096674,0.02785445080482249,-0.9489002692845481,70000,USD,-0.5965951200755614,0.7991556699925819,100,0.7561205047381624,0.2899182184258095
99,2021,-0.12437138861203878,0.02785445080482249,-0.9489002692845481,81000,EUR,-0.23345773241732115,-1.446366195097786,100,0.7561205047381624,1.8201822061168218
100,2021,-0.12437138861203878,0.02785445080482249,-0.8539633212944837,75000,USD,-0.5260720509272975,0.7991556699925819,0,0.7561205047381624,-1.2403457692652027
101,2021,0.8434931355867756,0.02785445080482249,-0.3792785813441618,150000,USD,0.5317739862966603,0.7991556699925819,100,0.7561205047381624,-1.2403457692652027
102,2021,-0.12437138861203878,0.02785445080482249,-1.5185219572249344,11000000,HUF,-1.0724988953018755,-0.8439091093418336,50,0.7561205047381624,-1.2403457692652027
103,2021,-0.12437138861203878,0.02785445080482249,-0.8539633212944837,62000,USD,-0.7094320307127835,0.7991556699925819,0,0.7561205047381624,-1.2403457692652027
104,2021,-0.12437138861203878,0.02785445080482249,0.0954061586061601,73000,USD,-0.554281278586603,0.7991556699925819,0,0.7561205047381624,-1.2403457692652027
105,2021,-0.12437138861203878,0.02785445080482249,-0.8539633212944837,37456,GBP,-0.8572624882613742,-1.1177532392309029,50,-1.1166970131184666,-1.2403457692652027
106,2021,-0.12437138861203878,0.02785445080482249,2.563766806347834,235000,CAD,1.0598789373065194,-1.774979150964669,100,-1.8658240202611183,-1.2403457692652027
107,2021,0.8434931355867756,0.02785445080482249,-0.3792785813441618,115000,USD,0.0381125022588133,0.7991556699925819,100,0.7561205047381624,1.8201822061168218
108,2021,0.8434931355867756,0.02785445080482249,-0.3792785813441618,150000,USD,0.5317739862966603,0.7991556699925819,100,0.7561205047381624,0.2899182184258095
109,2021,-2.0601004370096674,0.02785445080482249,-0.3792785813441618,2250000,INR,-1.1547428985425807,-0.7343714573862059,100,-0.6797062589519198,-1.2403457692652027
110,2021,0.8434931355867756,0.02785445080482249,1.6143973264471903,80000,EUR,-0.2501293859639707,-1.446366195097786,50,-1.4912605166897923,-1.2403457692652027
111,2021,0.8434931355867756,0.02785445080482249,0.28528005458628886,82500,GBP,0.01661707078242248,-1.1177532392309029,100,-1.1166970131184666,0.2899182184258095
112,2021,0.8434931355867756,0.02785445080482249,1.1397125864968682,75000,GBP,-0.1288861254842755,-1.1177532392309029,100,-1.1166970131184666,1.8201822061168218
113,2021,-2.0601004370096674,4.254767360436565,-1.8982697491851919,12000,USD,-1.414662722195422,0.14192975825881568,100,0.7561205047381624,0.2899182184258095
114,2021,-0.12437138861203878,0.02785445080482249,-0.3792785813441618,38400,EUR,-0.9436955618094864,-0.022376719674625862,100,0.06942074819073177,-1.2403457692652027
115,2021,-2.0601004370096674,0.02785445080482249,1.8992081704173833,225000,USD,1.5896200235206182,0.7991556699925819,100,0.7561205047381624,-1.2403457692652027
116,2021,-0.12437138861203878,0.02785445080482249,0.0954061586061601,50000,USD,-0.8786873966686167,-0.07714554565243971,100,0.006993497595510797,-1.2403457692652027
117,2021,-0.12437138861203878,0.02785445080482249,-0.09446773737396867,34000,EUR,-1.01706776295134,-1.062984413253089,100,-1.0542697625232456,0.2899182184258095
118,2021,-2.0601004370096674,0.02785445080482249,-0.8539633212944837,90000,USD,-0.31450284348250596,0.7991556699925819,100,0.7561205047381624,1.8201822061168218
119,2021,-0.12437138861203878,0.02785445080482249,-0.3792785813441618,200000,USD,1.2370046777792987,0.7991556699925819,100,0.7561205047381624,-1.2403457692652027
120,2021,-0.12437138861203878,0.02785445080482249,-1.3286480612448057,60000,USD,-0.737641258372089,-1.2272908911865306,50,0.3815570011668366,0.2899182184258095
121,2021,0.8434931355867756,0.02785445080482249,2.278955962377641,200000,USD,1.2370046777792987,0.7991556699925819,100,0.7561205047381624,0.2899182184258095
122,2021,-2.0601004370096674,0.02785445080482249,-0.8539633212944837,50000,USD,-0.8786873966686167,0.7991556699925819,100,0.7561205047381624,0.2899182184258095
123,2021,-2.0601004370096674,0.02785445080482249,-1.7083958532050632,80000,GBP,-0.0318886961777534,-1.1177532392309029,0,-1.1166970131184666,-1.2403457692652027
124,2021,-2.0601004370096674,4.254767360436565,-0.8539633212944837,8760,EUR,-1.4378789165590304,-1.2272908911865306,50,-1.2415515143089084,0.2899182184258095
125,2021,-0.12437138861203878,0.02785445080482249,2.3738929103677053,151000,USD,0.5458786001263131,0.7991556699925819,100,0.7561205047381624,-1.2403457692652027
126,2021,0.8434931355867756,0.02785445080482249,1.8992081704173833,120000,USD,0.10863557140707715,0.7991556699925819,50,0.7561205047381624,1.8201822061168218
127,2021,-0.12437138861203878,0.02785445080482249,0.0954061586061601,700000,INR,-1.4504038136397621,-0.7343714573862059,0,-0.6797062589519198,1.8201822061168218
128,2021,-2.0601004370096674,0.02785445080482249,1.6143973264471903,20000,USD,-1.3018258115582,-0.7343714573862059,100,-0.6797062589519198,1.8201822061168218
129,2021,0.8434931355867756,0.02785445080482249,1.2346495344869326,3000000,INR,-1.0116939050822424,-0.7343714573862059,50,-0.6797062589519198,-1.2403457692652027
130,2021,-2.0601004370096674,0.02785445080482249,1.519460378457126,100000,USD,-0.17345670518597825,-0.679602631408392,50,-0.6172790083566989,1.8201822061168218
131,2021,-2.0601004370096674,0.02785445080482249,0.0954061586061601,42000,EUR,-0.8836804299643138,-1.1725220652087167,50,-1.1791242637136876,0.2899182184258095
132,2021,-0.12437138861203878,0.02785445080482249,-1.6134589052149988,38400,USD,-1.042300917092589,0.8539244959703958,100,0.7561205047381624,0.2899182184258095
133,2021,0.8434931355867756,0.02785445080482249,-1.0438372172746124,24000,USD,-1.2454073562395889,-1.829747976942483,100,-1.928251270856339,0.2899182184258095
134,2021,-2.0601004370096674,0.02785445080482249,0.0954061586061601,100000,USD,-0.17345670518597825,0.7991556699925819,0,0.7561205047381624,1.8201822061168218
135,2021,-0.12437138861203878,0.02785445080482249,-0.8539633212944837,90000,USD,-0.31450284348250596,0.7991556699925819,100,0.7561205047381624,0.2899182184258095
136,2021,-0.12437138861203878,0.02785445080482249,1.4245234304670615,7000000,JPY,-0.6852990364502476,-0.46052732749713665,50,-0.429997256571036,1.8201822061168218
137,2021,-0.12437138861203878,0.02785445080482249,1.4245234304670615,8500000,JPY,-0.4927287438339984,-0.46052732749713665,50,-0.429997256571036,1.8201822061168218
138,2021,0.8434931355867756,0.02785445080482249,2.3738929103677053,220000,USD,1.5190969543723543,0.7991556699925819,0,0.7561205047381624,-1.2403457692652027
139,2021,-2.0601004370096674,0.02785445080482249,0.0954061586061601,80000,USD,-0.4555489817790337,0.7991556699925819,100,0.7561205047381624,0.2899182184258095
140,2021,-0.12437138861203878,0.02785445080482249,-0.8539633212944837,135000,USD,0.3202047788518687,0.7991556699925819,100,0.7561205047381624,-1.2403457692652027
141,2021,0.8434931355867756,0.02785445080482249,0.0004692106160957145,240000,USD,1.8011892309654096,0.7991556699925819,0,0.7561205047381624,-1.2403457692652027
142,2021,0.8434931355867756,0.02785445080482249,-0.28434163335409746,150000,USD,0.5317739862966603,0.7991556699925819,0,0.7561205047381624,-1.2403457692652027
143,2021,-0.12437138861203878,0.02785445080482249,0.0954061586061601,82500,USD,-0.42028744720490174,0.7991556699925819,100,0.7561205047381624,1.8201822061168218
144,2021,-0.12437138861203878,0.02785445080482249,-0.3792785813441618,100000,USD,-0.17345670518597825,0.7991556699925819,100,0.7561205047381624,-1.2403457692652027
145,2021,0.8434931355867756,0.02785445080482249,1.6143973264471903,70000,EUR,-0.41684592143046645,-1.9940544548759245,50,-1.99067852145156,0.2899182184258095
146,2021,-0.12437138861203878,0.02785445080482249,2.563766806347834,53000,EUR,-0.7002781363373389,-1.1725220652087167,50,-1.1791242637136876,0.2899182184258095
147,2021,-0.12437138861203878,0.02785445080482249,-0.3792785813441618,90000,USD,-0.31450284348250596,0.7991556699925819,100,0.7561205047381624,-1.2403457692652027
148,2021,0.8434931355867756,0.02785445080482249,-0.28434163335409746,153000,USD,0.5740878277856186,0.7991556699925819,100,0.7561205047381624,-1.2403457692652027
149,2021,0.8434931355867756,0.02785445080482249,-1.1387741652646768,160000,USD,0.672820124593188,-1.829747976942483,100,0.7561205047381624,1.8201822061168218
150,2021,0.8434931355867756,0.02785445080482249,0.38021700257635327,168000,USD,0.7856570352304101,-0.46052732749713665,0,-0.429997256571036,1.8201822061168218
151,2021,-0.12437138861203878,0.02785445080482249,0.0954061586061601,150000,USD,0.5317739862966603,0.7991556699925819,100,0.7561205047381624,0.2899182184258095
152,2021,-0.12437138861203878,0.02785445080482249,0.0954061586061601,95000,CAD,-0.5151550798231462,-1.774979150964669,100,-1.8658240202611183,-1.2403457692652027
153,2021,-2.0601004370096674,0.02785445080482249,0.0954061586061601,13400,USD,-1.3949162628339082,0.7443868440147681,100,0.6936932541429415,-1.2403457692652027
154,2021,0.8434931355867756,0.02785445080482249,0.0004692106160957145,144000,USD,0.44714630331874367,0.7991556699925819,100,0.7561205047381624,-1.2403457692652027
155,2021,0.8434931355867756,0.02785445080482249,-0.09446773737396867,159500,CAD,0.2104849878709998,-1.774979150964669,50,-1.8658240202611183,-1.2403457692652027
156,2021,-0.12437138861203878,0.02785445080482249,0.0954061586061601,160000,SGD,0.0953631297933739,0.5253115401035127,100,-0.7421335095471407,0.2899182184258095
157,2021,-0.12437138861203878,0.02785445080482249,-1.6134589052149988,423000,USD,4.382333561791866,0.7991556699925819,50,0.7561205047381624,-1.2403457692652027
158,2021,0.8434931355867756,0.02785445080482249,-0.5691524773242905,120000,USD,0.10863557140707715,0.7991556699925819,100,0.7561205047381624,0.2899182184258095
159,2021,-2.0601004370096674,0.02785445080482249,1.6143973264471903,125000,USD,0.179158640555341,0.7991556699925819,100,0.7561205047381624,1.8201822061168218
160,2021,-1.0922359128108532,0.02785445080482249,0.7599647945366108,230000,USD,1.6601430926688818,0.4705427141256988,50,0.4439842517620576,-1.2403457692652027
161,2021,-1.0922359128108532,0.02785445080482249,0.8549017425266752,85000,USD,-0.3850259126307698,0.4705427141256988,0,0.4439842517620576,0.2899182184258095
162,2021,-0.12437138861203878,0.02785445080482249,-0.3792785813441618,24000,EUR,-1.183784298417836,-0.24145202358588128,50,-0.1802882541901521,-1.2403457692652027
163,2021,-2.0601004370096674,0.02785445080482249,-0.18940468536403304,54000,EUR,-0.6836064827906894,-1.446366195097786,50,-1.4912605166897923,-1.2403457692652027
164,2021,-1.0922359128108532,0.02785445080482249,0.38021700257635327,110000,EUR,0.2500484296631758,-1.446366195097786,50,-1.4912605166897923,0.2899182184258095
165,2021,0.8434931355867756,0.02785445080482249,0.19034310659622447,165000,USD,0.7433431937414519,0.7991556699925819,100,0.7561205047381624,-1.2403457692652027
166,2021,-2.0601004370096674,0.02785445080482249,-0.3792785813441618,80000,USD,-0.4555489817790337,0.7991556699925819,100,0.7561205047381624,-1.2403457692652027
167,2021,-1.0922359128108532,0.02785445080482249,0.38021700257635327,250000,USD,1.9422353692619372,0.7991556699925819,0,0.7561205047381624,-1.2403457692652027
168,2021,-2.0601004370096674,0.02785445080482249,-1.5185219572249344,55000,USD,-0.8081643275203529,0.7991556699925819,50,0.7561205047381624,1.8201822061168218
169,2021,-0.12437138861203878,0.02785445080482249,-0.47421552933422617,150000,USD,0.5317739862966603,0.7991556699925819,100,0.7561205047381624,-1.2403457692652027
170,2021,-0.12437138861203878,0.02785445080482249,-0.47421552933422617,170000,USD,0.8138662628897156,0.7991556699925819,100,0.7561205047381624,-1.2403457692652027
171,2021,-0.12437138861203878,0.02785445080482249,-0.3792785813441618,60000,GBP,-0.41989251801767147,-1.1177532392309029,100,-1.1166970131184666,-1.2403457692652027
172,2021,-2.0601004370096674,0.02785445080482249,-0.8539633212944837,60000,USD,-0.737641258372089,0.7991556699925819,100,0.7561205047381624,1.8201822061168218
173,2021,0.8434931355867756,0.02785445080482249,2.3738929103677053,235000,USD,1.7306661618171457,0.7991556699925819,100,0.7561205047381624,-1.2403457692652027
174,2021,0.8434931355867756,0.02785445080482249,2.563766806347834,51400,EUR,-0.726964065703042,0.30623623619225726,50,0.31912975057161563,-1.2403457692652027
175,2021,0.8434931355867756,0.02785445080482249,-0.28434163335409746,174000,USD,0.8702847182083268,0.7991556699925819,100,0.7561205047381624,-1.2403457692652027
176,2021,-0.12437138861203878,0.02785445080482249,0.0954061586061601,58000,MXN,-1.543592997212278,-0.18668319760806742,0,-0.11786100359493114,1.8201822061168218
177,2021,-0.12437138861203878,0.02785445080482249,0.0954061586061601,30400000,CLP,-1.0191975596396177,-1.6654414990090414,100,-1.7409695190706762,-1.2403457692652027
178,2021,-2.0601004370096674,0.02785445080482249,1.6143973264471903,81000,USD,-0.4414443679493809,0.7991556699925819,50,0.7561205047381624,1.8201822061168218
179,2021,-0.12437138861203878,0.02785445080482249,0.0954061586061601,420000,INR,-1.5038179862126573,-0.7343714573862059,100,0.7561205047381624,1.8201822061168218
180,2021,-0.12437138861203878,0.02785445080482249,-1.3286480612448057,1672000,INR,-1.2649986648489766,-0.7343714573862059,0,-0.6797062589519198,-1.2403457692652027
181,2021,-0.12437138861203878,0.02785445080482249,0.0954061586061601,76760,EUR,-0.30415005693154085,-1.446366195097786,50,-1.4912605166897923,-1.2403457692652027
182,2021,-0.12437138861203878,0.02785445080482249,-0.3792785813441618,22000,EUR,-1.217127605511135,0.3610050621700711,0,0.7561205047381624,-1.2403457692652027
183,2021,0.8434931355867756,0.02785445080482249,0.570090898556482,45000,GBP,-0.7108989105510675,-1.1177532392309029,50,-1.1166970131184666,-1.2403457692652027
184,2021,-0.12437138861203878,-4.1990584588269195,1.8992081704173833,12000,USD,-1.414662722195422,0.14192975825881568,50,0.1942752493811737,0.2899182184258095
185,2021,-0.12437138861203878,0.02785445080482249,-0.3792785813441618,4000,USD,-1.5274996328326442,-0.6248338054305782,100,-0.5548517577614779,0.2899182184258095
186,2021,0.8434931355867756,0.02785445080482249,-0.7590263733044194,50000,USD,-0.8786873966686167,0.8539244959703958,100,-1.1166970131184666,0.2899182184258095
187,2021,-1.0922359128108532,0.02785445080482249,-0.18940468536403304,59000,EUR,-0.6002482150574414,-1.1725220652087167,100,-1.2415515143089084,1.8201822061168218
188,2021,0.8434931355867756,0.02785445080482249,-0.3792785813441618,65000,EUR,-0.500218293777544,0.3610050621700711,50,-1.1166970131184666,1.8201822061168218
189,2021,-0.12437138861203878,0.02785445080482249,1.6143973264471903,74000,USD,-0.5401766647569503,-0.46052732749713665,50,-0.429997256571036,1.8201822061168218
190,2021,0.8434931355867756,0.02785445080482249,0.0004692106160957145,152000,USD,0.5599832139559658,0.7991556699925819,100,-1.1791242637136876,-1.2403457692652027
191,2021,-2.0601004370096674,0.02785445080482249,1.6143973264471903,21844,USD,-1.2758169036563203,-1.5559038470534137,50,-1.6161150178802344,0.2899182184258095
192,2021,-0.12437138861203878,0.02785445080482249,-1.3286480612448057,18000,USD,-1.3300350392175053,-0.2962208495636951,0,-0.24271550478537307,1.8201822061168218
193,2021,0.8434931355867756,0.02785445080482249,0.0004692106160957145,174000,USD,0.8702847182083268,0.7991556699925819,100,0.7561205047381624,-1.2403457692652027
194,2021,0.8434931355867756,0.02785445080482249,2.563766806347834,120500,CAD,-0.22828133914183857,-1.774979150964669,50,-1.8658240202611183,-1.2403457692652027
195,2021,-0.12437138861203878,0.02785445080482249,0.0954061586061601,147000,USD,0.48946014480770195,0.7991556699925819,50,0.7561205047381624,-1.2403457692652027
196,2021,-2.0601004370096674,0.02785445080482249,-1.5185219572249344,9272,USD,-1.4531401087227147,-0.4057585015193228,100,-0.367570005975815,1.8201822061168218
197,2021,0.8434931355867756,0.02785445080482249,1.6143973264471903,1799997,INR,-1.2405835783098476,-0.7343714573862059,100,-0.6797062589519198,-1.2403457692652027
198,2021,0.8434931355867756,0.02785445080482249,0.0004692106160957145,4000000,INR,-0.8209431076500183,-0.7343714573862059,50,0.7561205047381624,-1.2403457692652027
199,2021,-2.0601004370096674,0.02785445080482249,-0.18940468536403304,90000,USD,-0.31450284348250596,0.7991556699925819,100,0.7561205047381624,1.8201822061168218
200,2021,-0.12437138861203878,0.02785445080482249,0.0954061586061601,52000,EUR,-0.7169497898839885,-1.446366195097786,50,-2.115533022642002,0.2899182184258095
201,2021,0.8434931355867756,0.02785445080482249,1.7093342744372546,195000,USD,1.166481608631035,0.7991556699925819,100,0.7561205047381624,0.2899182184258095
202,2021,-0.12437138861203878,0.02785445080482249,0.0954061586061601,32000,EUR,-1.0504110700446392,-1.2272908911865306,100,-1.2415515143089084,-1.2403457692652027
203,2021,0.8434931355867756,0.02785445080482249,2.563766806347834,50000,USD,-0.8786873966686167,-1.1725220652087167,100,0.7561205047381624,1.8201822061168218
204,2021,-0.12437138861203878,0.02785445080482249,0.0954061586061601,160000,USD,0.672820124593188,0.7991556699925819,100,0.7561205047381624,-1.2403457692652027
205,2021,-0.12437138861203878,0.02785445080482249,0.0954061586061601,69600,BRL,-1.401954465134905,-1.829747976942483,0,-1.928251270856339,1.8201822061168218
206,2021,0.8434931355867756,0.02785445080482249,1.6143973264471903,200000,USD,1.2370046777792987,0.7991556699925819,100,0.7561205047381624,-1.2403457692652027
207,2021,0.8434931355867756,0.02785445080482249,-0.3792785813441618,165000,USD,0.7433431937414519,0.7991556699925819,0,0.7561205047381624,0.2899182184258095
208,2021,-0.12437138861203878,-4.1990584588269195,-0.3792785813441618,20000,USD,-1.3018258115582,-0.5700649794527644,0,0.7561205047381624,-1.2403457692652027
209,2021,0.8434931355867756,0.02785445080482249,-0.5691524773242905,120000,USD,0.10863557140707715,0.7991556699925819,0,0.7561205047381624,-1.2403457692652027
210,2021,-0.12437138861203878,0.02785445080482249,1.6143973264471903,21000,EUR,-1.2337992590577846,0.5800803660813265,50,0.5688387529524995,-1.2403457692652027
211,2021,-0.12437138861203878,0.02785445080482249,2.563766806347834,48000,EUR,-0.7836505086844164,-1.1725220652087167,50,-1.1791242637136876,1.8201822061168218
212,2021,-0.12437138861203878,0.02785445080482249,-0.3792785813441618,48000,GBP,-0.6527032738899201,-1.0082155872752752,50,-1.1166970131184666,1.8201822061168218
213,2021,-2.0601004370096674,0.02785445080482249,-1.3286480612448057,435000,INR,-1.5009547496052378,-0.7343714573862059,0,-1.8033967696658972,-1.2403457692652027
214,2021,-2.0601004370096674,0.02785445080482249,1.6143973264471903,21000,EUR,-1.2337992590577846,-1.446366195097786,50,-1.4912605166897923,0.2899182184258095
215,2021,0.8434931355867756,0.02785445080482249,2.278955962377641,185000,USD,1.0254354703345072,0.7991556699925819,100,0.7561205047381624,-1.2403457692652027
216,2021,-2.0601004370096674,4.254767360436565,-1.0438372172746124,180000,DKK,-1.1803991910987193,-1.3915973691199721,50,-1.4288332660945715,1.8201822061168218
217,2021,-0.12437138861203878,0.02785445080482249,0.0954061586061601,76760,EUR,-0.30415005693154085,-1.446366195097786,50,-1.4912605166897923,-1.2403457692652027
218,2021,-0.12437138861203878,0.02785445080482249,1.6143973264471903,75000,EUR,-0.3334876536972186,-1.9940544548759245,100,-1.99067852145156,0.2899182184258095
219,2021,0.8434931355867756,0.02785445080482249,-0.5691524773242905,140000,USD,0.39072784800013255,0.7991556699925819,100,0.7561205047381624,-1.2403457692652027
220,2021,-0.12437138861203878,0.02785445080482249,1.6143973264471903,180000,PLN,-0.9266853975309252,0.19669858423662953,100,0.25670249997639466,-1.2403457692652027
221,2021,-0.12437138861203878,0.02785445080482249,0.0954061586061601,85000,GBP,0.0651087331287687,-1.1177532392309029,50,-1.1166970131184666,-1.2403457692652027
222,2021,-0.12437138861203878,0.02785445080482249,0.0954061586061601,2500000,INR,-1.1070693037983543,-0.7343714573862059,0,-0.6797062589519198,0.2899182184258095
223,2021,-0.12437138861203878,0.02785445080482249,0.0954061586061601,40900,GBP,-0.790448932550309,-1.1177532392309029,50,-1.1166970131184666,-1.2403457692652027
224,2021,0.8434931355867756,0.02785445080482249,1.8992081704173833,225000,USD,1.5896200235206182,0.7991556699925819,100,-1.8658240202611183,-1.2403457692652027
225,2021,-1.0922359128108532,-8.425971368458661,2.3738929103677053,416000,USD,4.283601264984297,0.7991556699925819,100,0.7561205047381624,1.8201822061168218
226,2021,0.8434931355867756,0.02785445080482249,0.0954061586061601,110000,CAD,-0.3464074799651805,-1.774979150964669,100,-1.8658240202611183,1.8201822061168218
227,2021,-0.12437138861203878,0.02785445080482249,0.0954061586061601,75000,EUR,-0.3334876536972186,-1.446366195097786,50,-1.4912605166897923,-1.2403457692652027
228,2021,0.8434931355867756,0.02785445080482249,0.0954061586061601,135000,USD,0.3202047788518687,0.7991556699925819,0,0.7561205047381624,-1.2403457692652027
229,2021,0.8434931355867756,0.02785445080482249,-0.8539633212944837,90000,CAD,-0.5714042797758015,-1.774979150964669,100,-1.8658240202611183,0.2899182184258095
230,2021,-2.0601004370096674,0.02785445080482249,-1.3286480612448057,1200000,INR,-1.3550284149236502,-0.7343714573862059,100,-0.6797062589519198,-1.2403457692652027
231,2021,0.8434931355867756,0.02785445080482249,1.4245234304670615,256000,USD,2.026863052239854,0.7991556699925819,100,0.7561205047381624,1.8201822061168218
232,2021,0.8434931355867756,0.02785445080482249,0.28528005458628886,200000,USD,1.2370046777792987,0.7991556699925819,100,0.7561205047381624,-1.2403457692652027
233,2021,0.8434931355867756,0.02785445080482249,-0.8539633212944837,200000,USD,1.2370046777792987,0.7991556699925819,100,0.7561205047381624,-1.2403457692652027
234,2021,-0.12437138861203878,0.02785445080482249,-0.47421552933422617,180000,USD,0.9549124011862434,0.7991556699925819,100,0.7561205047381624,-1.2403457692652027
235,2021,-0.12437138861203878,0.02785445080482249,0.8549017425266752,110000,USD,-0.03241056688945055,0.7991556699925819,0,0.7561205047381624,1.8201822061168218
236,2021,-0.12437138861203878,0.02785445080482249,2.563766806347834,80000,CAD,-0.6839026796811121,-1.774979150964669,100,-1.8658240202611183,0.2899182184258095
237,2021,-0.12437138861203878,0.02785445080482249,0.0954061586061601,39600,EUR,-0.9236952193990388,-1.2272908911865306,100,-1.2415515143089084,0.2899182184258095
238,2021,-2.0601004370096674,0.02785445080482249,0.0954061586061601,4000,USD,-1.5274996328326442,0.8539244959703958,0,0.8185477553333833,0.2899182184258095
239,2021,-2.0601004370096674,0.02785445080482249,-0.3792785813441618,1600000,INR,-1.2787365587190582,-0.7343714573862059,50,-0.6797062589519198,0.2899182184258095
240,2021,0.8434931355867756,0.02785445080482249,0.0954061586061601,130000,CAD,-0.12139657554072988,-1.774979150964669,100,-1.8658240202611183,-1.2403457692652027
241,2021,-0.12437138861203878,0.02785445080482249,-0.8539633212944837,80000,USD,-0.4555489817790337,0.7991556699925819,100,0.7561205047381624,-1.2403457692652027
242,2021,-0.12437138861203878,0.02785445080482249,-0.3792785813441618,110000,USD,-0.03241056688945055,0.7991556699925819,100,0.7561205047381624,-1.2403457692652027
243,2021,0.8434931355867756,0.02785445080482249,0.0954061586061601,165000,USD,0.7433431937414519,0.7991556699925819,100,0.7561205047381624,-1.2403457692652027
244,2021,-2.0601004370096674,0.02785445080482249,-1.8982697491851919,1335000,INR,-1.3292874946845339,-0.7343714573862059,100,-2.177960273237223,1.8201822061168218
245,2021,-0.12437138861203878,0.02785445080482249,-0.3792785813441618,52500,GBP,-0.5653957142843694,-1.1177532392309029,50,-1.1166970131184666,-1.2403457692652027
246,2021,-2.0601004370096674,0.02785445080482249,0.0954061586061601,31000,EUR,-1.0670827235912888,-1.1725220652087167,50,-1.1791242637136876,-1.2403457692652027
247,2021,-0.12437138861203878,0.02785445080482249,-0.3792785813441618,108000,TRY,-1.4132099469709678,0.6896180180369542,0,0.6312660035477204,0.2899182184258095
248,2021,0.8434931355867756,0.02785445080482249,-0.3792785813441618,70000,GBP,-0.22589765940462725,-1.1177532392309029,50,-1.1166970131184666,-1.2403457692652027
249,2021,0.8434931355867756,0.02785445080482249,2.1840190143875766,170000,USD,0.8138662628897156,0.7991556699925819,100,0.7561205047381624,0.2899182184258095
250,2021,-0.12437138861203878,0.02785445080482249,0.0954061586061601,115000,USD,0.0381125022588133,0.7991556699925819,50,0.7561205047381624,-1.2403457692652027
251,2021,-2.0601004370096674,0.02785445080482249,0.0954061586061601,90000,USD,-0.31450284348250596,0.7991556699925819,100,0.7561205047381624,1.8201822061168218
252,2021,-1.0922359128108532,0.02785445080482249,2.278955962377641,600000,USD,6.878850209640407,0.7991556699925819,100,0.7561205047381624,-1.2403457692652027
253,2021,-2.0601004370096674,0.02785445080482249,0.0954061586061601,2100000,INR,-1.1833611600029463,-0.7343714573862059,100,-0.6797062589519198,0.2899182184258095
254,2021,-0.12437138861203878,0.02785445080482249,-0.8539633212944837,93000,USD,-0.2721890019935477,0.7991556699925819,100,0.7561205047381624,-1.2403457692652027
255,2021,0.8434931355867756,0.02785445080482249,-1.42358500923487,125000,CAD,-0.17764577549338512,-1.774979150964669,50,-1.8658240202611183,0.2899182184258095
256,2021,-0.12437138861203878,0.02785445080482249,-0.3792785813441618,200000,USD,1.2370046777792987,0.7991556699925819,100,0.7561205047381624,-1.2403457692652027
257,2021,0.8434931355867756,0.02785445080482249,2.3738929103677053,147000,EUR,0.8669278201168694,-1.446366195097786,100,-1.4912605166897923,0.2899182184258095
258,2021,0.8434931355867756,0.02785445080482249,1.6143973264471903,185000,USD,1.0254354703345072,0.7991556699925819,50,0.7561205047381624,-1.2403457692652027
259,2021,-1.0922359128108532,0.02785445080482249,0.38021700257635327,120000,EUR,0.4167649651296716,-1.446366195097786,0,-1.4912605166897923,-1.2403457692652027
260,2021,-0.12437138861203878,0.02785445080482249,0.0954061586061601,130000,USD,0.24968170970360484,0.7991556699925819,50,0.7561205047381624,-1.2403457692652027
261,2021,0.8434931355867756,0.02785445080482249,-0.8539633212944837,54000,EUR,-0.6836064827906894,-1.446366195097786,50,-1.4912605166897923,-1.2403457692652027
262,2021,-0.12437138861203878,0.02785445080482249,0.0954061586061601,1250000,INR,-1.345493695974805,-0.7343714573862059,100,-0.6797062589519198,1.8201822061168218
263,2021,0.8434931355867756,0.02785445080482249,1.6143973264471903,4900000,INR,-0.6492758527293144,-0.7343714573862059,0,-0.6797062589519198,-1.2403457692652027
264,2021,-0.12437138861203878,0.02785445080482249,0.0954061586061601,21600,EUR,-1.2237990878525609,0.41577388814788496,100,-1.4912605166897923,1.8201822061168218
265,2021,0.8434931355867756,0.02785445080482249,1.1397125864968682,160000,USD,0.672820124593188,0.2514674102144434,50,0.7561205047381624,1.8201822061168218
266,2021,-0.12437138861203878,0.02785445080482249,-0.3792785813441618,93150,USD,-0.2700733099190997,0.7991556699925819,0,0.7561205047381624,0.2899182184258095
267,2021,-0.12437138861203878,0.02785445080482249,-0.3792785813441618,111775,USD,-0.007374877341816885,0.7991556699925819,0,0.7561205047381624,0.2899182184258095
268,2021,-0.12437138861203878,0.02785445080482249,-0.3792785813441618,250000,TRY,-1.1887632270997033,0.6896180180369542,100,0.6312660035477204,0.2899182184258095
269,2021,-2.0601004370096674,0.02785445080482249,-0.3792785813441618,55000,EUR,-0.6669348292440397,-1.446366195097786,50,-1.4912605166897923,0.2899182184258095
270,2021,-2.0601004370096674,0.02785445080482249,-0.3792785813441618,72500,USD,-0.5613335855014294,0.7991556699925819,100,0.7561205047381624,-1.2403457692652027
271,2021,0.8434931355867756,0.02785445080482249,-1.0438372172746124,102000,BRL,-1.3172421544740103,-1.829747976942483,0,-1.928251270856339,0.2899182184258095
272,2021,-2.0601004370096674,0.02785445080482249,-0.18940468536403304,65000,EUR,-0.500218293777544,-1.446366195097786,0,-1.4912605166897923,-1.2403457692652027
273,2021,-2.0601004370096674,0.02785445080482249,1.6143973264471903,85000,USD,-0.3850259126307698,-0.022376719674625862,100,-1.4912605166897923,1.8201822061168218
274,2021,0.8434931355867756,0.02785445080482249,0.0954061586061601,65720,EUR,-0.48821526740850946,-1.1725220652087167,50,-1.1791242637136876,0.2899182184258095
275,2021,-2.0601004370096674,0.02785445080482249,0.0954061586061601,100000,USD,-0.17345670518597825,0.7991556699925819,100,0.7561205047381624,0.2899182184258095
276,2021,-2.0601004370096674,0.02785445080482249,0.0954061586061601,58000,USD,-0.7658504860313946,0.7991556699925819,50,0.7561205047381624,-1.2403457692652027
277,2021,0.8434931355867756,0.02785445080482249,-1.8982697491851919,55000,USD,-0.8081643275203529,-1.2272908911865306,100,-1.2415515143089084,-1.2403457692652027
278,2021,0.8434931355867756,0.02785445080482249,0.0954061586061601,180000,TRY,-1.2994139225933292,0.6896180180369542,50,0.6312660035477204,-1.2403457692652027
279,2021,-2.0601004370096674,0.02785445080482249,-1.2337111132547411,50000,EUR,-0.7503072015911173,-0.35098967554150895,100,-0.30514275538059404,-1.2403457692652027
280,2021,-0.12437138861203878,0.02785445080482249,-0.3792785813441618,112000,USD,-0.004201339230145012,0.7991556699925819,100,0.7561205047381624,-1.2403457692652027
281,2021,-2.0601004370096674,0.02785445080482249,2.563766806347834,100000,USD,-0.17345670518597825,-0.5152961534749505,0,-1.6785422684754552,-1.2403457692652027
282,2021,-0.12437138861203878,4.254767360436565,-0.3792785813441618,59000,EUR,-0.6002482150574414,-0.022376719674625862,100,0.06942074819073177,-1.2403457692652027
283,2021,0.8434931355867756,-8.425971368458661,2.6587037543378984,105000,USD,-0.10293363603771441,0.7991556699925819,100,0.7561205047381624,0.2899182184258095
284,2021,-0.12437138861203878,0.02785445080482249,2.563766806347834,69999,USD,-0.596609224689391,-1.5011350210755998,50,-1.5536877672850133,-1.2403457692652027
285,2021,0.8434931355867756,0.02785445080482249,0.0004692106160957145,7000000,INR,-0.24870481996717578,-0.7343714573862059,50,-0.6797062589519198,-1.2403457692652027
286,2021,0.8434931355867756,0.02785445080482249,0.7599647945366108,87000,EUR,-0.13341370652359405,0.5800803660813265,100,0.5688387529524995,-1.2403457692652027
287,2021,-0.12437138861203878,0.02785445080482249,0.0954061586061601,109000,USD,-0.04651518071910332,0.7991556699925819,50,0.7561205047381624,-1.2403457692652027
288,2021,-0.12437138861203878,0.02785445080482249,1.6143973264471903,43200,EUR,-0.8636800875538663,-0.5700649794527644,50,-0.4924245071662569,-1.2403457692652027
289,2022,0.8434931355867756,0.02785445080482249,-0.3792785813441618,135000,USD,0.3202047788518687,0.7991556699925819,100,0.7561205047381624,0.2899182184258095
290,2022,0.8434931355867756,0.02785445080482249,-0.8539633212944837,155000,USD,0.6022970554449241,0.7991556699925819,100,0.7561205047381624,0.2899182184258095
291,2022,0.8434931355867756,0.02785445080482249,-0.8539633212944837,120600,USD,0.11709833970486881,0.7991556699925819,100,0.7561205047381624,0.2899182184258095
292,2022,-0.12437138861203878,0.02785445080482249,0.0954061586061601,130000,USD,0.24968170970360484,0.7991556699925819,0,0.7561205047381624,0.2899182184258095
293,2022,-0.12437138861203878,0.02785445080482249,0.0954061586061601,90000,USD,-0.31450284348250596,0.7991556699925819,0,0.7561205047381624,0.2899182184258095
294,2022,-0.12437138861203878,0.02785445080482249,-0.3792785813441618,170000,USD,0.8138662628897156,0.7991556699925819,100,0.7561205047381624,0.2899182184258095
295,2022,-0.12437138861203878,0.02785445080482249,-0.3792785813441618,150000,USD,0.5317739862966603,0.7991556699925819,100,0.7561205047381624,0.2899182184258095
296,2022,0.8434931355867756,0.02785445080482249,-0.8539633212944837,102100,USD,-0.14383701614370745,0.7991556699925819,100,0.7561205047381624,0.2899182184258095
297,2022,0.8434931355867756,0.02785445080482249,-0.8539633212944837,84900,USD,-0.3864363740137351,0.7991556699925819,100,0.7561205047381624,0.2899182184258095
298,2022,0.8434931355867756,0.02785445080482249,0.0954061586061601,136620,USD,0.3430542532559062,0.7991556699925819,100,0.7561205047381624,0.2899182184258095
299,2022,0.8434931355867756,0.02785445080482249,0.0954061586061601,99360,USD,-0.18248365803695604,0.7991556699925819,100,0.7561205047381624,0.2899182184258095
300,2022,0.8434931355867756,0.02785445080482249,0.0954061586061601,90000,GBP,0.07745027022971487,-1.1177532392309029,0,-1.1166970131184666,0.2899182184258095
301,2022,0.8434931355867756,0.02785445080482249,0.0954061586061601,80000,GBP,-0.10713681095895093,-1.1177532392309029,0,-1.1166970131184666,0.2899182184258095
302,2022,0.8434931355867756,0.02785445080482249,0.0954061586061601,146000,USD,0.47535553097804917,0.7991556699925819,100,0.7561205047381624,0.2899182184258095
303,2022,0.8434931355867756,0.02785445080482249,0.0954061586061601,123000,USD,0.15094941289603547,0.7991556699925819,100,0.7561205047381624,0.2899182184258095
304,2022,-2.0601004370096674,0.02785445080482249,-0.3792785813441618,40000,GBP,-0.8455274495551031,-1.1177532392309029,100,-1.1166970131184666,0.2899182184258095
305,2022,0.8434931355867756,0.02785445080482249,-0.8539633212944837,99000,USD,-0.18756131901563103,0.7991556699925819,0,0.7561205047381624,0.2899182184258095
306,2022,0.8434931355867756,0.02785445080482249,-0.8539633212944837,116000,USD,0.05221711608846607,0.7991556699925819,0,0.7561205047381624,0.2899182184258095
307,2022,-0.12437138861203878,0.02785445080482249,-0.8539633212944837,106260,USD,-0.08516182261235192,0.7991556699925819,0,0.7561205047381624,0.2899182184258095
308,2022,-0.12437138861203878,0.02785445080482249,-0.8539633212944837,126500,USD,0.20031556129982017,0.7991556699925819,0,0.7561205047381624,0.2899182184258095
309,2022,-1.0922359128108532,0.02785445080482249,-0.3792785813441618,242000,USD,1.8293984586247152,0.7991556699925819,100,0.7561205047381624,0.2899182184258095
310,2022,-1.0922359128108532,0.02785445080482249,-0.3792785813441618,200000,USD,1.2370046777792987,0.7991556699925819,100,0.7561205047381624,0.2899182184258095
311,2022,-0.12437138861203878,0.02785445080482249,0.0954061586061601,50000,GBP,-0.6609403683664373,-1.1177532392309029,0,-1.1166970131184666,0.2899182184258095
312,2022,-0.12437138861203878,0.02785445080482249,0.0954061586061601,30000,GBP,-1.0301286353575985,-1.1177532392309029,0,-1.1166970131184666,0.2899182184258095
313,2022,-0.12437138861203878,0.02785445080482249,-0.3792785813441618,60000,GBP,-0.47633918256394187,-1.1177532392309029,0,-1.1166970131184666,0.2899182184258095
314,2022,-0.12437138861203878,0.02785445080482249,-0.3792785813441618,40000,GBP,-0.8455274495551031,-1.1177532392309029,0,-1.1166970131184666,0.2899182184258095
315,2022,0.8434931355867756,0.02785445080482249,0.0954061586061601,165220,USD,0.7464462087839754,0.7991556699925819,100,0.7561205047381624,0.2899182184258095
316,2022,-2.0601004370096674,0.02785445080482249,-0.3792785813441618,35000,GBP,-0.9378280424563509,-1.1177532392309029,100,-1.1166970131184666,0.2899182184258095
317,2022,0.8434931355867756,0.02785445080482249,0.0954061586061601,120160,USD,0.11089230961982159,0.7991556699925819,100,0.7561205047381624,0.2899182184258095
318,2022,0.8434931355867756,0.02785445080482249,-0.8539633212944837,90320,USD,-0.3099893670570171,0.7991556699925819,100,0.7561205047381624,0.2899182184258095
319,2022,0.8434931355867756,0.02785445080482249,-0.3792785813441618,181940,USD,0.9822753520157698,0.7991556699925819,0,0.7561205047381624,0.2899182184258095
320,2022,0.8434931355867756,0.02785445080482249,-0.3792785813441618,132320,USD,0.28240441378839926,0.7991556699925819,0,0.7561205047381624,0.2899182184258095
321,2022,0.8434931355867756,0.02785445080482249,-0.3792785813441618,220110,USD,1.520648461893616,0.7991556699925819,0,0.7561205047381624,0.2899182184258095
322,2022,0.8434931355867756,0.02785445080482249,-0.3792785813441618,160080,USD,0.6739484936995602,0.7991556699925819,0,0.7561205047381624,0.2899182184258095
323,2022,0.8434931355867756,0.02785445080482249,0.0954061586061601,180000,USD,0.9549124011862434,0.7991556699925819,0,0.7561205047381624,-1.2403457692652027
324,2022,0.8434931355867756,0.02785445080482249,0.0954061586061601,120000,USD,0.10863557140707715,0.7991556699925819,0,0.7561205047381624,-1.2403457692652027
325,2022,0.8434931355867756,0.02785445080482249,-0.8539633212944837,124190,USD,0.16773390335332225,0.7991556699925819,100,0.7561205047381624,0.2899182184258095
326,2022,-1.0922359128108532,0.02785445080482249,-0.8539633212944837,130000,USD,0.24968170970360484,0.7991556699925819,100,0.7561205047381624,0.2899182184258095
327,2022,-1.0922359128108532,0.02785445080482249,-0.8539633212944837,110000,USD,-0.03241056688945055,0.7991556699925819,100,0.7561205047381624,0.2899182184258095
328,2022,0.8434931355867756,0.02785445080482249,-0.8539633212944837,170000,USD,0.8138662628897156,0.7991556699925819,100,0.7561205047381624,0.2899182184258095
329,2022,-0.12437138861203878,0.02785445080482249,-0.8539633212944837,115500,USD,0.045164809173639686,0.7991556699925819,100,0.7561205047381624,0.2899182184258095
330,2022,0.8434931355867756,0.02785445080482249,-0.8539633212944837,112900,USD,0.008492813216542482,0.7991556699925819,100,0.7561205047381624,0.2899182184258095
331,2022,0.8434931355867756,0.02785445080482249,-0.8539633212944837,90320,USD,-0.3099893670570171,0.7991556699925819,100,0.7561205047381624,0.2899182184258095
332,2022,0.8434931355867756,0.02785445080482249,-0.8539633212944837,112900,USD,0.008492813216542482,0.7991556699925819,100,0.7561205047381624,0.2899182184258095
333,2022,0.8434931355867756,0.02785445080482249,-0.8539633212944837,90320,USD,-0.3099893670570171,0.7991556699925819,100,0.7561205047381624,0.2899182184258095
334,2022,0.8434931355867756,0.02785445080482249,-0.3792785813441618,165400,USD,0.748985039273313,0.7991556699925819,100,0.7561205047381624,0.2899182184258095
335,2022,0.8434931355867756,0.02785445080482249,-0.3792785813441618,132320,USD,0.28240441378839926,0.7991556699925819,100,0.7561205047381624,0.2899182184258095
336,2022,-0.12437138861203878,0.02785445080482249,-0.8539633212944837,167000,USD,0.7715524214007574,0.7991556699925819,100,0.7561205047381624,0.2899182184258095
337,2022,0.8434931355867756,0.02785445080482249,-0.3792785813441618,243900,USD,1.8561972249010552,0.7991556699925819,100,0.7561205047381624,0.2899182184258095
338,2022,0.8434931355867756,0.02785445080482249,-0.8539633212944837,136600,USD,0.3427721609793131,0.7991556699925819,100,0.7561205047381624,0.2899182184258095
339,2022,0.8434931355867756,0.02785445080482249,-0.8539633212944837,109280,USD,-0.04256588884680055,0.7991556699925819,100,0.7561205047381624,0.2899182184258095
340,2022,0.8434931355867756,0.02785445080482249,-0.3792785813441618,128875,USD,0.2338140191452455,0.7991556699925819,100,0.7561205047381624,0.2899182184258095
341,2022,0.8434931355867756,0.02785445080482249,-0.3792785813441618,93700,USD,-0.2623157723127907,0.7991556699925819,100,0.7561205047381624,0.2899182184258095
342,2022,-1.0922359128108532,0.02785445080482249,0.8549017425266752,224000,USD,1.5755154096909654,0.7991556699925819,100,0.7561205047381624,0.2899182184258095
343,2022,-1.0922359128108532,0.02785445080482249,0.8549017425266752,167875,USD,0.7838939585017035,0.7991556699925819,100,0.7561205047381624,0.2899182184258095
344,2022,-1.0922359128108532,0.02785445080482249,-1.8033328011951275,175000,USD,0.8843893320379795,0.7991556699925819,100,0.7561205047381624,0.2899182184258095
345,2022,0.8434931355867756,0.02785445080482249,-0.3792785813441618,156600,USD,0.6248644375723685,0.7991556699925819,100,0.7561205047381624,0.2899182184258095
346,2022,0.8434931355867756,0.02785445080482249,-0.3792785813441618,108800,USD,-0.04933610348503388,0.7991556699925819,0,0.7561205047381624,0.2899182184258095
347,2022,0.8434931355867756,0.02785445080482249,0.0954061586061601,95550,USD,-0.23622223672793308,0.7991556699925819,0,0.7561205047381624,0.2899182184258095
348,2022,0.8434931355867756,0.02785445080482249,-0.3792785813441618,113000,USD,0.00990327459950776,0.7991556699925819,0,0.7561205047381624,-1.2403457692652027
349,2022,0.8434931355867756,0.02785445080482249,-0.8539633212944837,135000,USD,0.3202047788518687,0.7991556699925819,100,0.7561205047381624,0.2899182184258095
350,2022,0.8434931355867756,0.02785445080482249,0.0004692106160957145,161342,USD,0.6917485163525819,0.7991556699925819,100,0.7561205047381624,0.2899182184258095
351,2022,0.8434931355867756,0.02785445080482249,0.0004692106160957145,137141,USD,0.3504027570611553,0.7991556699925819,100,0.7561205047381624,0.2899182184258095
352,2022,0.8434931355867756,0.02785445080482249,0.0954061586061601,167000,USD,0.7715524214007574,0.7991556699925819,100,0.7561205047381624,0.2899182184258095
353,2022,0.8434931355867756,0.02785445080482249,0.0954061586061601,123000,USD,0.15094941289603547,0.7991556699925819,100,0.7561205047381624,0.2899182184258095
354,2022,0.8434931355867756,0.02785445080482249,-0.3792785813441618,60000,GBP,-0.47633918256394187,-1.1177532392309029,0,-1.1166970131184666,0.2899182184258095
355,2022,0.8434931355867756,0.02785445080482249,-0.3792785813441618,50000,GBP,-0.6609403683664373,-1.1177532392309029,0,-1.1166970131184666,0.2899182184258095
356,2022,0.8434931355867756,0.02785445080482249,0.0954061586061601,150000,USD,0.5317739862966603,0.7991556699925819,0,0.7561205047381624,0.2899182184258095
357,2022,0.8434931355867756,0.02785445080482249,0.0954061586061601,211500,USD,1.3992077368203057,0.7991556699925819,100,0.7561205047381624,0.2899182184258095
358,2022,0.8434931355867756,0.02785445080482249,-0.47421552933422617,192400,USD,1.1298096126739376,-1.774979150964669,100,-1.8658240202611183,0.2899182184258095
359,2022,0.8434931355867756,0.02785445080482249,-0.47421552933422617,90700,USD,-0.304629613801749,-1.774979150964669,100,-1.8658240202611183,0.2899182184258095
360,2022,0.8434931355867756,0.02785445080482249,-0.8539633212944837,130000,USD,0.24968170970360484,-1.774979150964669,100,-1.8658240202611183,0.2899182184258095
361,2022,0.8434931355867756,0.02785445080482249,-0.8539633212944837,61300,USD,-0.7193052603935405,-1.774979150964669,100,-1.8658240202611183,0.2899182184258095
362,2022,0.8434931355867756,0.02785445080482249,-0.8539633212944837,130000,USD,0.24968170970360484,-1.774979150964669,100,-1.8658240202611183,0.2899182184258095
363,2022,0.8434931355867756,0.02785445080482249,-0.8539633212944837,61300,USD,-0.7193052603935405,-1.774979150964669,100,-1.8658240202611183,0.2899182184258095
364,2022,0.8434931355867756,0.02785445080482249,-0.3792785813441618,160000,USD,0.672820124593188,0.7991556699925819,0,0.7561205047381624,-1.2403457692652027
365,2022,0.8434931355867756,0.02785445080482249,0.0954061586061601,138600,USD,0.3709813886386187,0.7991556699925819,100,0.7561205047381624,0.2899182184258095
366,2022,0.8434931355867756,0.02785445080482249,-0.3792785813441618,136000,USD,0.3343093926815215,0.7991556699925819,0,0.7561205047381624,0.2899182184258095
367,2022,-0.12437138861203878,0.02785445080482249,-0.8539633212944837,58000,USD,-0.7658504860313946,0.7991556699925819,0,0.7561205047381624,1.8201822061168218
368,2022,-1.0922359128108532,0.02785445080482249,-1.8033328011951275,135000,USD,0.3202047788518687,0.7991556699925819,100,0.7561205047381624,0.2899182184258095
369,2022,0.8434931355867756,0.02785445080482249,0.0954061586061601,170000,USD,0.8138662628897156,0.7991556699925819,100,0.7561205047381624,0.2899182184258095
370,2022,0.8434931355867756,0.02785445080482249,0.0954061586061601,123000,USD,0.15094941289603547,0.7991556699925819,100,0.7561205047381624,0.2899182184258095
371,2022,0.8434931355867756,0.02785445080482249,1.6143973264471903,189650,USD,1.0910219246423927,0.7991556699925819,0,0.7561205047381624,0.2899182184258095
372,2022,0.8434931355867756,0.02785445080482249,1.6143973264471903,164996,USD,0.7432867752861332,0.7991556699925819,0,0.7561205047381624,0.2899182184258095
373,2022,-0.12437138861203878,0.02785445080482249,0.4751539505664176,50000,EUR,-0.808770825915028,-1.062984413253089,0,-1.0542697625232456,0.2899182184258095
374,2022,-0.12437138861203878,0.02785445080482249,0.4751539505664176,50000,EUR,-0.808770825915028,-1.062984413253089,0,-1.0542697625232456,0.2899182184258095
375,2022,-1.0922359128108532,0.02785445080482249,1.1397125864968682,150000,CAD,0.08306390653391668,-1.774979150964669,100,-1.8658240202611183,1.8201822061168218
376,2022,0.8434931355867756,0.02785445080482249,-0.8539633212944837,132000,USD,0.2778909373629104,0.7991556699925819,0,0.7561205047381624,0.2899182184258095
377,2022,0.8434931355867756,0.02785445080482249,-0.3792785813441618,165400,USD,0.748985039273313,0.7991556699925819,100,0.7561205047381624,0.2899182184258095
378,2022,0.8434931355867756,0.02785445080482249,-0.47421552933422617,208775,USD,1.360772664134502,0.7991556699925819,100,0.7561205047381624,0.2899182184258095
379,2022,0.8434931355867756,0.02785445080482249,-0.47421552933422617,147800,USD,0.5007438358714241,0.7991556699925819,100,0.7561205047381624,0.2899182184258095
380,2022,0.8434931355867756,0.02785445080482249,-0.3792785813441618,136994,USD,0.3483293788281963,0.7991556699925819,100,0.7561205047381624,0.2899182184258095
381,2022,0.8434931355867756,0.02785445080482249,-0.3792785813441618,101570,USD,-0.15131246147342342,0.7991556699925819,100,0.7561205047381624,0.2899182184258095
382,2022,0.8434931355867756,0.02785445080482249,-0.8539633212944837,128875,USD,0.2338140191452455,0.7991556699925819,100,0.7561205047381624,0.2899182184258095
383,2022,0.8434931355867756,0.02785445080482249,-0.8539633212944837,93700,USD,-0.2623157723127907,0.7991556699925819,100,0.7561205047381624,0.2899182184258095
384,2022,-1.0922359128108532,0.02785445080482249,0.9498386905167395,6000000,INR,-0.46910351566932995,-0.7343714573862059,50,-0.6797062589519198,-1.2403457692652027
385,2022,0.8434931355867756,0.02785445080482249,-0.3792785813441618,132320,USD,0.28240441378839926,0.7991556699925819,100,0.7561205047381624,0.2899182184258095
386,2022,-2.0601004370096674,0.02785445080482249,1.6143973264471903,28500,GBP,-1.057815992305207,-1.1177532392309029,100,-1.1166970131184666,-1.2403457692652027
387,2022,0.8434931355867756,0.02785445080482249,-0.8539633212944837,164000,USD,0.7292385799117991,0.7991556699925819,0,0.7561205047381624,0.2899182184258095
388,2022,0.8434931355867756,0.02785445080482249,-0.3792785813441618,155000,USD,0.6022970554449241,0.7991556699925819,100,0.7561205047381624,0.2899182184258095
389,2022,-0.12437138861203878,0.02785445080482249,1.6143973264471903,95000,GBP,0.1697508631309626,-1.1177532392309029,0,-1.1166970131184666,0.2899182184258095
390,2022,-0.12437138861203878,0.02785445080482249,1.6143973264471903,75000,GBP,-0.19943740386019865,-1.1177532392309029,0,-1.1166970131184666,0.2899182184258095
391,2022,-0.12437138861203878,0.02785445080482249,-1.8982697491851919,120000,USD,0.10863557140707715,0.7991556699925819,0,0.7561205047381624,0.2899182184258095
392,2022,0.8434931355867756,0.02785445080482249,-0.8539633212944837,112900,USD,0.008492813216542482,0.7991556699925819,100,0.7561205047381624,0.2899182184258095
393,2022,0.8434931355867756,0.02785445080482249,-0.8539633212944837,90320,USD,-0.3099893670570171,0.7991556699925819,100,0.7561205047381624,0.2899182184258095
394,2022,0.8434931355867756,0.02785445080482249,-0.5691524773242905,145000,USD,0.4612509171483964,0.7991556699925819,100,0.7561205047381624,0.2899182184258095
395,2022,0.8434931355867756,0.02785445080482249,-0.5691524773242905,105400,USD,-0.09729179050585329,0.7991556699925819,100,0.7561205047381624,0.2899182184258095
396,2022,-0.12437138861203878,0.02785445080482249,1.6143973264471903,80000,EUR,-0.34367118488222786,-1.1725220652087167,100,-1.4912605166897923,0.2899182184258095
397,2022,-0.12437138861203878,0.02785445080482249,-0.3792785813441618,90000,GBP,0.07745027022971487,-1.1177532392309029,0,-1.1166970131184666,0.2899182184258095
398,2022,0.8434931355867756,0.02785445080482249,0.0954061586061601,215300,USD,1.4528052693729863,0.7991556699925819,100,0.7561205047381624,-1.2403457692652027
399,2022,0.8434931355867756,0.02785445080482249,0.0954061586061601,158200,USD,0.647431819699813,0.7991556699925819,100,0.7561205047381624,-1.2403457692652027
400,2022,0.8434931355867756,0.02785445080482249,-0.3792785813441618,209100,USD,1.365356663629139,0.7991556699925819,100,0.7561205047381624,-1.2403457692652027
401,2022,0.8434931355867756,0.02785445080482249,-0.3792785813441618,154600,USD,0.596655209913063,0.7991556699925819,100,0.7561205047381624,-1.2403457692652027
402,2022,0.8434931355867756,0.02785445080482249,-0.8539633212944837,115934,USD,0.051286211575708986,0.7991556699925819,0,0.7561205047381624,0.2899182184258095
403,2022,0.8434931355867756,0.02785445080482249,-0.8539633212944837,81666,USD,-0.43205069513883215,0.7991556699925819,0,0.7561205047381624,0.2899182184258095
404,2022,0.8434931355867756,0.02785445080482249,-0.3792785813441618,175000,USD,0.8843893320379795,0.7991556699925819,100,0.7561205047381624,0.2899182184258095
405,2022,-0.12437138861203878,0.02785445080482249,-0.3792785813441618,75000,GBP,-0.19943740386019865,-1.1177532392309029,0,-1.1166970131184666,0.2899182184258095
406,2022,-0.12437138861203878,0.02785445080482249,-0.8539633212944837,58000,USD,-0.7658504860313946,0.7991556699925819,0,0.7561205047381624,1.8201822061168218
407,2022,0.8434931355867756,0.02785445080482249,-0.3792785813441618,183600,USD,1.0056890109729935,0.7991556699925819,100,0.7561205047381624,-1.2403457692652027
408,2022,-0.12437138861203878,0.02785445080482249,-0.8539633212944837,40000,GBP,-0.8455274495551031,-1.1177532392309029,100,-1.1166970131184666,0.2899182184258095
409,2022,0.8434931355867756,0.02785445080482249,0.0954061586061601,180000,USD,0.9549124011862434,0.7991556699925819,100,0.7561205047381624,0.2899182184258095
410,2022,-0.12437138861203878,0.02785445080482249,0.0954061586061601,55000,GBP,-0.5686397754651896,-1.1177532392309029,0,-1.1166970131184666,0.2899182184258095
411,2022,-0.12437138861203878,0.02785445080482249,0.0954061586061601,35000,GBP,-0.9378280424563509,-1.1177532392309029,0,-1.1166970131184666,0.2899182184258095
412,2022,-0.12437138861203878,0.02785445080482249,-0.3792785813441618,60000,EUR,-0.6537329106994847,-1.062984413253089,100,-1.0542697625232456,0.2899182184258095
413,2022,-0.12437138861203878,0.02785445080482249,-0.3792785813441618,45000,EUR,-0.8862897835227996,-1.062984413253089,100,-1.0542697625232456,0.2899182184258095
414,2022,-0.12437138861203878,0.02785445080482249,-0.3792785813441618,60000,GBP,-0.47633918256394187,-1.1177532392309029,100,-1.1166970131184666,0.2899182184258095
415,2022,-0.12437138861203878,0.02785445080482249,-0.3792785813441618,45000,GBP,-0.753240961267685,-1.1177532392309029,100,-1.1166970131184666,0.2899182184258095
416,2022,0.8434931355867756,0.02785445080482249,0.0954061586061601,260000,USD,2.083281507558465,0.7991556699925819,100,0.7561205047381624,0.2899182184258095
417,2022,0.8434931355867756,0.02785445080482249,-0.09446773737396867,60000,USD,-0.737641258372089,-2.158360932809366,100,-0.11786100359493114,-1.2403457692652027
418,2022,-0.12437138861203878,0.02785445080482249,-0.3792785813441618,63900,USD,-0.6826332644364432,0.7991556699925819,0,0.7561205047381624,0.2899182184258095
419,2022,-0.12437138861203878,0.02785445080482249,1.8992081704173833,160000,USD,0.672820124593188,0.7991556699925819,100,0.7561205047381624,-1.2403457692652027
420,2022,-0.12437138861203878,0.02785445080482249,1.8992081704173833,112300,USD,3.004491875081943e-05,0.7991556699925819,100,0.7561205047381624,-1.2403457692652027
421,2022,-0.12437138861203878,0.02785445080482249,0.0004692106160957145,241000,USD,1.8152938447950624,0.7991556699925819,100,0.7561205047381624,0.2899182184258095
422,2022,-0.12437138861203878,0.02785445080482249,0.0004692106160957145,159000,USD,0.6587155107635352,0.7991556699925819,100,0.7561205047381624,0.2899182184258095
423,2022,0.8434931355867756,0.02785445080482249,0.0954061586061601,180000,USD,0.9549124011862434,0.7991556699925819,0,0.7561205047381624,0.2899182184258095
424,2022,0.8434931355867756,0.02785445080482249,0.0954061586061601,80000,USD,-0.4555489817790337,0.7991556699925819,0,0.7561205047381624,0.2899182184258095
425,2022,-0.12437138861203878,0.02785445080482249,-0.3792785813441618,82900,USD,-0.41464560167304065,0.7991556699925819,0,0.7561205047381624,0.2899182184258095
426,2022,0.8434931355867756,0.02785445080482249,-0.3792785813441618,100800,USD,-0.16217301412225604,0.7991556699925819,100,0.7561205047381624,-1.2403457692652027
427,2022,-0.12437138861203878,0.02785445080482249,-0.3792785813441618,45000,EUR,-0.8862897835227996,-1.2272908911865306,100,-1.2415515143089084,0.2899182184258095
428,2022,0.8434931355867756,0.02785445080482249,0.0954061586061601,140400,USD,0.3963696935319937,0.7991556699925819,0,0.7561205047381624,-1.2403457692652027
429,2022,-0.12437138861203878,0.02785445080482249,-0.8539633212944837,30000,GBP,-1.0301286353575985,-1.1177532392309029,100,-1.1166970131184666,0.2899182184258095
430,2022,-0.12437138861203878,0.02785445080482249,-0.8539633212944837,40000,EUR,-0.9637946365167416,-1.2272908911865306,100,-1.2415515143089084,0.2899182184258095
431,2022,-0.12437138861203878,0.02785445080482249,-0.8539633212944837,30000,EUR,-1.1188325517322848,-1.2272908911865306,100,-1.2415515143089084,0.2899182184258095
432,2022,-0.12437138861203878,0.02785445080482249,-0.3792785813441618,80000,EUR,-0.34367118488222786,-1.2272908911865306,100,-1.2415515143089084,0.2899182184258095
433,2022,-0.12437138861203878,0.02785445080482249,-0.3792785813441618,70000,EUR,-0.49870910009777114,-1.2272908911865306,100,-1.2415515143089084,0.2899182184258095
434,2022,-0.12437138861203878,0.02785445080482249,-0.3792785813441618,80000,GBP,-0.10713681095895093,-1.1177532392309029,100,-1.1166970131184666,0.2899182184258095
435,2022,-0.12437138861203878,0.02785445080482249,-0.3792785813441618,70000,GBP,-0.2917379967614464,-1.1177532392309029,100,-1.1166970131184666,0.2899182184258095
436,2022,-0.12437138861203878,0.02785445080482249,-0.3792785813441618,60000,EUR,-0.6537329106994847,-1.2272908911865306,100,-1.2415515143089084,0.2899182184258095
437,2022,-0.12437138861203878,0.02785445080482249,-0.3792785813441618,80000,EUR,-0.34367118488222786,-1.062984413253089,100,-1.0542697625232456,0.2899182184258095
438,2022,0.8434931355867756,0.02785445080482249,1.6143973264471903,189650,USD,1.0910219246423927,0.7991556699925819,0,0.7561205047381624,0.2899182184258095
439,2022,0.8434931355867756,0.02785445080482249,1.6143973264471903,164996,USD,0.7432867752861332,0.7991556699925819,0,0.7561205047381624,0.2899182184258095
440,2022,-0.12437138861203878,0.02785445080482249,-0.8539633212944837,40000,EUR,-0.9637946365167416,-1.062984413253089,100,-1.0542697625232456,0.2899182184258095
441,2022,-0.12437138861203878,0.02785445080482249,-0.8539633212944837,30000,EUR,-1.1188325517322848,-1.062984413253089,100,-1.0542697625232456,0.2899182184258095
442,2022,-0.12437138861203878,0.02785445080482249,-0.3792785813441618,75000,GBP,-0.19943740386019865,-1.1177532392309029,100,-1.1166970131184666,0.2899182184258095
443,2022,-0.12437138861203878,0.02785445080482249,-0.3792785813441618,60000,GBP,-0.47633918256394187,-1.1177532392309029,100,-1.1166970131184666,0.2899182184258095
444,2022,0.8434931355867756,0.02785445080482249,0.0954061586061601,215300,USD,1.4528052693729863,0.7991556699925819,0,0.7561205047381624,-1.2403457692652027
445,2022,-0.12437138861203878,0.02785445080482249,-0.3792785813441618,70000,EUR,-0.49870910009777114,-1.062984413253089,100,-1.0542697625232456,0.2899182184258095
446,2022,0.8434931355867756,0.02785445080482249,-0.3792785813441618,209100,USD,1.365356663629139,0.7991556699925819,100,0.7561205047381624,-1.2403457692652027
447,2022,0.8434931355867756,0.02785445080482249,-0.3792785813441618,154600,USD,0.596655209913063,0.7991556699925819,100,0.7561205047381624,-1.2403457692652027
448,2022,0.8434931355867756,0.02785445080482249,-0.3792785813441618,180000,USD,0.9549124011862434,0.7991556699925819,100,0.7561205047381624,0.2899182184258095
449,2022,-2.0601004370096674,0.02785445080482249,1.4245234304670615,20000,EUR,-1.2738563623339985,0.30623623619225726,100,0.31912975057161563,-1.2403457692652027
450,2022,0.8434931355867756,0.02785445080482249,-0.3792785813441618,80000,USD,-0.4555489817790337,0.7991556699925819,100,0.7561205047381624,0.2899182184258095
451,2022,-0.12437138861203878,0.02785445080482249,1.519460378457126,100000,CAD,-0.47260145989908386,-1.774979150964669,100,-1.8658240202611183,0.2899182184258095
452,2022,-1.0922359128108532,0.02785445080482249,0.38021700257635327,250000,CAD,1.1943946393999179,-1.774979150964669,50,-1.8658240202611183,-1.2403457692652027
453,2022,-0.12437138861203878,0.02785445080482249,1.6143973264471903,120000,USD,0.10863557140707715,0.7991556699925819,100,0.7561205047381624,1.8201822061168218
454,2022,-2.0601004370096674,0.02785445080482249,-1.0438372172746124,125000,USD,0.179158640555341,0.7991556699925819,0,0.7561205047381624,0.2899182184258095
455,2022,-0.12437138861203878,0.02785445080482249,2.0890820663975123,240000,CNY,-1.0587186875903047,0.7991556699925819,50,0.7561205047381624,-1.2403457692652027
456,2022,0.8434931355867756,0.02785445080482249,-0.3792785813441618,105000,USD,-0.10293363603771441,0.7991556699925819,100,0.7561205047381624,0.2899182184258095
457,2022,0.8434931355867756,0.02785445080482249,1.329586482476997,80000,EUR,-0.34367118488222786,-1.446366195097786,0,-1.4912605166897923,0.2899182184258095
458,2022,-0.12437138861203878,0.02785445080482249,-1.2337111132547411,1400000,INR,-1.323800799904799,-0.7343714573862059,100,-0.6797062589519198,0.2899182184258095
459,2022,-0.12437138861203878,0.02785445080482249,0.0954061586061601,2400000,INR,-1.138000721926783,-0.7343714573862059,100,-0.6797062589519198,-1.2403457692652027
460,2022,-0.12437138861203878,0.02785445080482249,1.7093342744372546,53000,EUR,-0.7622538095048331,0.30623623619225726,50,0.31912975057161563,-1.2403457692652027
461,2022,-2.0601004370096674,0.02785445080482249,0.6650278465465463,100000,USD,-0.17345670518597825,0.7991556699925819,50,0.7561205047381624,-1.2403457692652027
462,2022,-0.12437138861203878,4.254767360436565,-0.3792785813441618,50000,EUR,-0.808770825915028,-1.446366195097786,50,-1.4912605166897923,-1.2403457692652027
463,2022,-2.0601004370096674,0.02785445080482249,0.0954061586061601,1400000,INR,-1.323800799904799,-0.7343714573862059,100,-0.6797062589519198,0.2899182184258095
464,2022,0.8434931355867756,0.02785445080482249,2.3738929103677053,148000,EUR,0.7105358619736795,-1.446366195097786,100,-1.4912605166897923,0.2899182184258095
465,2022,-2.0601004370096674,0.02785445080482249,-0.3792785813441618,120000,USD,0.10863557140707715,0.7991556699925819,100,0.7561205047381624,0.2899182184258095
466,2022,0.8434931355867756,0.02785445080482249,2.563766806347834,144000,USD,0.44714630331874367,0.7991556699925819,50,0.7561205047381624,-1.2403457692652027
467,2022,0.8434931355867756,0.02785445080482249,0.0954061586061601,104890,USD,-0.10448514355897622,0.7991556699925819,100,0.7561205047381624,0.2899182184258095
468,2022,0.8434931355867756,0.02785445080482249,-0.3792785813441618,100000,USD,-0.17345670518597825,0.7991556699925819,100,0.7561205047381624,0.2899182184258095
469,2022,0.8434931355867756,0.02785445080482249,0.0954061586061601,140000,USD,0.39072784800013255,0.7991556699925819,100,0.7561205047381624,0.2899182184258095
470,2022,-0.12437138861203878,0.02785445080482249,-0.8539633212944837,135000,USD,0.3202047788518687,0.7991556699925819,100,0.7561205047381624,0.2899182184258095
471,2022,-0.12437138861203878,0.02785445080482249,-0.8539633212944837,50000,USD,-0.8786873966686167,0.7991556699925819,100,0.7561205047381624,0.2899182184258095
472,2022,0.8434931355867756,0.02785445080482249,0.0954061586061601,220000,USD,1.5190969543723543,0.7991556699925819,100,0.7561205047381624,0.2899182184258095
473,2022,0.8434931355867756,0.02785445080482249,0.0954061586061601,140000,USD,0.39072784800013255,0.7991556699925819,100,0.7561205047381624,0.2899182184258095
474,2022,-0.12437138861203878,0.02785445080482249,0.0954061586061601,140000,GBP,1.0004420946283625,-1.1177532392309029,0,-1.1166970131184666,0.2899182184258095
475,2022,-0.12437138861203878,0.02785445080482249,0.0954061586061601,70000,GBP,-0.2917379967614464,-1.1177532392309029,0,-1.1166970131184666,0.2899182184258095
476,2022,0.8434931355867756,0.02785445080482249,0.0954061586061601,185100,USD,1.0268459317174725,0.7991556699925819,100,0.7561205047381624,0.2899182184258095
477,2022,0.8434931355867756,0.02785445080482249,1.6143973264471903,220000,USD,1.5190969543723543,0.7991556699925819,100,0.7561205047381624,0.2899182184258095
478,2022,-0.12437138861203878,0.02785445080482249,0.0954061586061601,200000,USD,1.2370046777792987,0.7991556699925819,100,0.7561205047381624,0.2899182184258095
479,2022,-0.12437138861203878,0.02785445080482249,0.0954061586061601,120000,USD,0.10863557140707715,0.7991556699925819,100,0.7561205047381624,0.2899182184258095
480,2022,0.8434931355867756,0.02785445080482249,1.6143973264471903,120000,USD,0.10863557140707715,-2.2131297587871797,100,-2.2403875238324438,1.8201822061168218
481,2022,0.8434931355867756,0.02785445080482249,1.6143973264471903,65000,USD,-0.6671181892238253,-2.2131297587871797,100,-2.2403875238324438,1.8201822061168218
482,2022,-1.0922359128108532,0.02785445080482249,-0.3792785813441618,324000,USD,2.985976792656242,0.7991556699925819,100,0.7561205047381624,0.2899182184258095
483,2022,-1.0922359128108532,0.02785445080482249,-0.3792785813441618,216000,USD,1.4626784990537431,0.7991556699925819,100,0.7561205047381624,0.2899182184258095
484,2022,0.8434931355867756,0.02785445080482249,-0.3792785813441618,210000,USD,1.3780508160758265,0.7991556699925819,100,0.7561205047381624,0.2899182184258095
485,2022,0.8434931355867756,0.02785445080482249,1.6143973264471903,120000,USD,0.10863557140707715,0.7991556699925819,100,0.7561205047381624,0.2899182184258095
486,2022,0.8434931355867756,0.02785445080482249,0.0954061586061601,230000,USD,1.6601430926688818,0.7991556699925819,100,0.7561205047381624,0.2899182184258095
487,2022,-2.0601004370096674,4.254767360436565,0.0954061586061601,100000,USD,-0.17345670518597825,-1.3368285431421583,50,-1.3664060154993505,0.2899182184258095
488,2022,-0.12437138861203878,-4.1990584588269195,0.0954061586061601,100000,USD,-0.17345670518597825,-1.774979150964669,100,0.7561205047381624,0.2899182184258095
489,2022,-2.0601004370096674,-8.425971368458661,-1.6134589052149988,29000,EUR,-1.1343335223310733,0.6348491920591404,100,-1.5536877672850133,0.2899182184258095
490,2022,0.8434931355867756,0.02785445080482249,0.7599647945366108,200000,USD,1.2370046777792987,-0.13191437163025357,100,0.7561205047381624,0.2899182184258095
491,2022,-0.12437138861203878,0.02785445080482249,2.1840190143875766,75000,USD,-0.5260720509272975,-1.774979150964669,100,-1.8658240202611183,1.8201822061168218
492,2022,-0.12437138861203878,0.02785445080482249,0.0954061586061601,150000,PLN,-1.0819348819539132,0.19669858423662953,100,0.25670249997639466,-1.2403457692652027
493,2022,0.8434931355867756,0.02785445080482249,1.519460378457126,100000,CAD,-0.47260145989908386,-1.774979150964669,100,-1.8658240202611183,0.2899182184258095
494,2022,0.8434931355867756,0.02785445080482249,0.0954061586061601,100000,USD,-0.17345670518597825,-1.829747976942483,100,0.7561205047381624,0.2899182184258095
495,2022,-0.12437138861203878,0.02785445080482249,1.8992081704173833,153000,USD,0.5740878277856186,0.7991556699925819,50,0.7561205047381624,0.2899182184258095
496,2022,-2.0601004370096674,0.02785445080482249,-0.3792785813441618,52800,EUR,-0.7653568245473568,0.14192975825881568,100,-1.4912605166897923,0.2899182184258095
497,2022,0.8434931355867756,0.02785445080482249,0.0954061586061601,165000,USD,0.7433431937414519,0.7991556699925819,100,0.7561205047381624,0.2899182184258095
498,2022,0.8434931355867756,0.02785445080482249,2.563766806347834,85000,EUR,-0.2661663318882859,-1.1725220652087167,50,-1.1791242637136876,-1.2403457692652027
499,2022,-2.0601004370096674,0.02785445080482249,0.0954061586061601,66500,CAD,-0.8448927419327688,-1.774979150964669,100,-1.8658240202611183,-1.2403457692652027
500,2022,0.8434931355867756,0.02785445080482249,1.6143973264471903,57000,EUR,-0.7002499271096796,-0.022376719674625862,100,0.06942074819073177,-1.2403457692652027
501,2022,-0.12437138861203878,0.02785445080482249,0.7599647945366108,30000,EUR,-1.1188325517322848,-1.2820597171643444,100,-1.3039787649041295,1.8201822061168218
502,2022,-2.0601004370096674,0.02785445080482249,0.0954061586061601,40000,USD,-1.0197335349651444,-0.46052732749713665,100,-0.05543375299971017,-1.2403457692652027
503,2022,-0.12437138861203878,0.02785445080482249,1.6143973264471903,121000,AUD,-0.3508222240938618,-2.048823280853738,100,-2.053105772046781,-1.2403457692652027
504,2022,0.8434931355867756,0.02785445080482249,-0.3792785813441618,115000,USD,0.0381125022588133,0.7991556699925819,100,0.7561205047381624,0.2899182184258095
505,2022,-2.0601004370096674,0.02785445080482249,0.0954061586061601,120000,AUD,-0.36100575527887113,-2.048823280853738,50,-2.053105772046781,0.2899182184258095
506,2022,-0.12437138861203878,0.02785445080482249,-1.6134589052149988,75000,USD,-0.5260720509272975,-1.8845168029202968,100,0.7561205047381624,-1.2403457692652027
507,2022,-0.12437138861203878,0.02785445080482249,2.563766806347834,59000,EUR,-0.6692479859121028,-2.103592106831552,0,-2.115533022642002,-1.2403457692652027
508,2022,-2.0601004370096674,0.02785445080482249,2.563766806347834,120000,USD,0.10863557140707715,0.7991556699925819,100,0.7561205047381624,-1.2403457692652027
509,2022,-0.12437138861203878,0.02785445080482249,-1.7083958532050632,157000,USD,0.6305062831042296,0.7991556699925819,100,0.7561205047381624,-1.2403457692652027
510,2022,-2.0601004370096674,0.02785445080482249,-0.9489002692845481,150000,USD,0.5317739862966603,-2.048823280853738,100,-2.053105772046781,1.8201822061168218
511,2022,-0.12437138861203878,0.02785445080482249,-1.2337111132547411,90000,CAD,-0.5837317122629181,-1.774979150964669,50,-1.8658240202611183,-1.2403457692652027
512,2022,-2.0601004370096674,0.02785445080482249,-0.3792785813441618,65000,USD,-0.6671181892238253,0.7991556699925819,100,0.7561205047381624,1.8201822061168218
513,2022,0.8434931355867756,0.02785445080482249,1.6143973264471903,65000,EUR,-0.5762280577055428,-0.7891402833640198,100,-0.8045607601423618,1.8201822061168218
514,2022,-2.0601004370096674,0.02785445080482249,-0.7590263733044194,20000,USD,-1.3018258115582,0.14192975825881568,0,0.1942752493811737,0.2899182184258095
515,2022,-0.12437138861203878,0.02785445080482249,0.0954061586061601,48000,USD,-0.9068966243279223,0.4705427141256988,100,0.7561205047381624,1.8201822061168218
516,2022,0.8434931355867756,0.02785445080482249,0.0004692106160957145,152500,USD,0.5670355208707922,0.7991556699925819,100,0.7561205047381624,0.2899182184258095
517,2022,-0.12437138861203878,0.02785445080482249,-0.3792785813441618,62000,EUR,-0.622730969501908,-1.1725220652087167,100,-1.1791242637136876,0.2899182184258095
518,2022,-0.12437138861203878,0.02785445080482249,0.0954061586061601,115000,CHF,0.14172499545144254,-1.7202103249868552,0,-1.8033967696658972,-1.2403457692652027
519,2022,0.8434931355867756,0.02785445080482249,-1.7083958532050632,380000,USD,3.775835167116797,0.7991556699925819,100,0.7561205047381624,-1.2403457692652027
520,2022,-0.12437138861203878,0.02785445080482249,0.0954061586061601,88000,CAD,-0.6059605836584508,-1.774979150964669,100,-1.8658240202611183,0.2899182184258095
521,2022,-2.0601004370096674,0.02785445080482249,-1.0438372172746124,10000,USD,-1.4428719498547276,0.30623623619225726,100,-0.30514275538059404,0.2899182184258095
522,2022,-0.12437138861203878,0.02785445080482249,-0.8539633212944837,20000,USD,-1.3018258115582,-1.062984413253089,100,-1.0542697625232456,1.8201822061168218
523,2022,0.8434931355867756,0.02785445080482249,-0.664089425314355,405000,USD,4.128450512858117,0.7991556699925819,100,0.7561205047381624,-1.2403457692652027
524,2022,-0.12437138861203878,0.02785445080482249,0.0954061586061601,135000,USD,0.3202047788518687,0.7991556699925819,100,0.7561205047381624,-1.2403457692652027
525,2022,0.8434931355867756,0.02785445080482249,-1.7083958532050632,177000,USD,0.9125985596972851,0.7991556699925819,100,0.7561205047381624,-1.2403457692652027
526,2022,-0.12437138861203878,0.02785445080482249,0.0954061586061601,78000,USD,-0.4837582094383392,0.7991556699925819,100,0.7561205047381624,0.2899182184258095
527,2022,0.8434931355867756,0.02785445080482249,-0.8539633212944837,135000,USD,0.3202047788518687,0.7991556699925819,100,0.7561205047381624,0.2899182184258095
528,2022,0.8434931355867756,0.02785445080482249,-0.8539633212944837,100000,USD,-0.17345670518597825,0.7991556699925819,100,0.7561205047381624,0.2899182184258095
529,2022,0.8434931355867756,0.02785445080482249,-0.8539633212944837,90320,USD,-0.3099893670570171,0.7991556699925819,100,0.7561205047381624,0.2899182184258095
530,2022,-0.12437138861203878,0.02785445080482249,-0.8539633212944837,85000,USD,-0.3850259126307698,-1.774979150964669,0,-1.8658240202611183,0.2899182184258095
531,2022,-0.12437138861203878,0.02785445080482249,-0.8539633212944837,75000,USD,-0.5260720509272975,-1.774979150964669,0,-1.8658240202611183,0.2899182184258095
532,2022,0.8434931355867756,0.02785445080482249,1.6143973264471903,214000,USD,1.4344692713944376,0.7991556699925819,100,0.7561205047381624,0.2899182184258095
533,2022,0.8434931355867756,0.02785445080482249,1.6143973264471903,192600,USD,1.1326305354398682,0.7991556699925819,100,0.7561205047381624,0.2899182184258095
534,2022,0.8434931355867756,0.02785445080482249,-0.47421552933422617,266400,USD,2.1735510360682424,0.7991556699925819,100,0.7561205047381624,0.2899182184258095
535,2022,0.8434931355867756,0.02785445080482249,-0.47421552933422617,213120,USD,1.422057211224343,0.7991556699925819,100,0.7561205047381624,0.2899182184258095
536,2022,0.8434931355867756,0.02785445080482249,-0.8539633212944837,112900,USD,0.008492813216542482,0.7991556699925819,100,0.7561205047381624,0.2899182184258095
537,2022,0.8434931355867756,0.02785445080482249,-0.3792785813441618,155000,USD,0.6022970554449241,0.7991556699925819,100,0.7561205047381624,0.2899182184258095
538,2022,-0.12437138861203878,0.02785445080482249,0.0954061586061601,141300,USD,0.4090638459786812,0.7991556699925819,0,0.7561205047381624,0.2899182184258095
539,2022,-0.12437138861203878,0.02785445080482249,0.0954061586061601,102100,USD,-0.14383701614370745,0.7991556699925819,0,0.7561205047381624,0.2899182184258095
540,2022,0.8434931355867756,0.02785445080482249,-0.8539633212944837,115934,USD,0.051286211575708986,0.7991556699925819,100,0.7561205047381624,0.2899182184258095
541,2022,0.8434931355867756,0.02785445080482249,-0.8539633212944837,81666,USD,-0.43205069513883215,0.7991556699925819,100,0.7561205047381624,0.2899182184258095
542,2022,-0.12437138861203878,0.02785445080482249,-0.3792785813441618,206699,USD,1.3314914858241427,0.7991556699925819,0,0.7561205047381624,0.2899182184258095
543,2022,-0.12437138861203878,0.02785445080482249,-0.3792785813441618,99100,USD,-0.18615085763266576,0.7991556699925819,0,0.7561205047381624,0.2899182184258095
544,2022,0.8434931355867756,0.02785445080482249,-0.3792785813441618,130000,USD,0.24968170970360484,0.7991556699925819,100,0.7561205047381624,0.2899182184258095
545,2022,0.8434931355867756,0.02785445080482249,-0.3792785813441618,115000,USD,0.0381125022588133,0.7991556699925819,100,0.7561205047381624,0.2899182184258095
546,2022,0.8434931355867756,0.02785445080482249,-0.3792785813441618,110500,USD,-0.025358259974624167,0.7991556699925819,100,0.7561205047381624,0.2899182184258095
547,2022,0.8434931355867756,0.02785445080482249,-0.3792785813441618,130000,USD,0.24968170970360484,0.7991556699925819,100,0.7561205047381624,0.2899182184258095
548,2022,0.8434931355867756,0.02785445080482249,-0.8539633212944837,99050,USD,-0.18685608832414838,0.7991556699925819,100,0.7561205047381624,0.2899182184258095
549,2022,0.8434931355867756,0.02785445080482249,-0.3792785813441618,160000,USD,0.672820124593188,0.7991556699925819,100,0.7561205047381624,0.2899182184258095
550,2022,0.8434931355867756,0.02785445080482249,0.0954061586061601,205300,USD,1.3117591310764585,0.7991556699925819,0,0.7561205047381624,-1.2403457692652027
551,2022,0.8434931355867756,0.02785445080482249,0.0954061586061601,140400,USD,0.3963696935319937,0.7991556699925819,0,0.7561205047381624,-1.2403457692652027
552,2022,0.8434931355867756,0.02785445080482249,0.0954061586061601,176000,USD,0.8984939458676323,0.7991556699925819,100,0.7561205047381624,0.2899182184258095
553,2022,0.8434931355867756,0.02785445080482249,0.0954061586061601,144000,USD,0.44714630331874367,0.7991556699925819,100,0.7561205047381624,0.2899182184258095
554,2022,0.8434931355867756,0.02785445080482249,-0.3792785813441618,200100,USD,1.238415139162264,0.7991556699925819,100,0.7561205047381624,0.2899182184258095
555,2022,0.8434931355867756,0.02785445080482249,-0.3792785813441618,160000,USD,0.672820124593188,0.7991556699925819,100,0.7561205047381624,0.2899182184258095
556,2022,0.8434931355867756,0.02785445080482249,-0.3792785813441618,145000,USD,0.4612509171483964,0.7991556699925819,100,0.7561205047381624,0.2899182184258095
557,2022,0.8434931355867756,0.02785445080482249,-0.3792785813441618,70500,USD,-0.589542813160735,0.7991556699925819,0,0.7561205047381624,0.2899182184258095
558,2022,0.8434931355867756,0.02785445080482249,0.0954061586061601,205300,USD,1.3117591310764585,0.7991556699925819,0,0.7561205047381624,0.2899182184258095
559,2022,0.8434931355867756,0.02785445080482249,0.0954061586061601,140400,USD,0.3963696935319937,0.7991556699925819,0,0.7561205047381624,0.2899182184258095
560,2022,0.8434931355867756,0.02785445080482249,-1.8033328011951275,205300,USD,1.3117591310764585,0.7991556699925819,0,0.7561205047381624,0.2899182184258095
561,2022,0.8434931355867756,0.02785445080482249,-1.8033328011951275,184700,USD,1.0212040861856113,0.7991556699925819,0,0.7561205047381624,0.2899182184258095
562,2022,0.8434931355867756,0.02785445080482249,-0.3792785813441618,175100,USD,0.8857997934209448,0.7991556699925819,100,0.7561205047381624,0.2899182184258095
563,2022,0.8434931355867756,0.02785445080482249,-0.3792785813441618,140250,USD,0.39425400145754574,0.7991556699925819,100,0.7561205047381624,0.2899182184258095
564,2022,0.8434931355867756,0.02785445080482249,-0.8539633212944837,116150,USD,0.054332808162913984,0.7991556699925819,100,0.7561205047381624,0.2899182184258095
565,2022,0.8434931355867756,0.02785445080482249,-0.3792785813441618,54000,USD,-0.8222689413500057,0.7991556699925819,0,0.7561205047381624,0.2899182184258095
566,2022,0.8434931355867756,0.02785445080482249,-0.8539633212944837,170000,USD,0.8138662628897156,0.7991556699925819,100,0.7561205047381624,0.2899182184258095
567,2022,-0.12437138861203878,0.02785445080482249,-0.8539633212944837,50000,GBP,-0.6609403683664373,-1.1177532392309029,0,-1.1166970131184666,0.2899182184258095
568,2022,0.8434931355867756,0.02785445080482249,-0.8539633212944837,80000,USD,-0.4555489817790337,0.7991556699925819,100,0.7561205047381624,0.2899182184258095
569,2022,0.8434931355867756,0.02785445080482249,0.0954061586061601,140000,USD,0.39072784800013255,0.7991556699925819,100,0.7561205047381624,0.2899182184258095
570,2022,0.8434931355867756,0.02785445080482249,0.0954061586061601,210000,USD,1.3780508160758265,0.7991556699925819,100,0.7561205047381624,0.2899182184258095
571,2022,0.8434931355867756,0.02785445080482249,0.0954061586061601,140000,USD,0.39072784800013255,0.7991556699925819,100,0.7561205047381624,0.2899182184258095
572,2022,0.8434931355867756,0.02785445080482249,-0.8539633212944837,100000,USD,-0.17345670518597825,0.7991556699925819,100,0.7561205047381624,0.2899182184258095
573,2022,0.8434931355867756,0.02785445080482249,-0.8539633212944837,69000,USD,-0.6106997339052141,0.7991556699925819,100,0.7561205047381624,0.2899182184258095
574,2022,0.8434931355867756,0.02785445080482249,0.0954061586061601,210000,USD,1.3780508160758265,0.7991556699925819,100,0.7561205047381624,0.2899182184258095
575,2022,0.8434931355867756,0.02785445080482249,0.0954061586061601,140000,USD,0.39072784800013255,0.7991556699925819,100,0.7561205047381624,0.2899182184258095
576,2022,0.8434931355867756,0.02785445080482249,0.0954061586061601,210000,USD,1.3780508160758265,0.7991556699925819,100,0.7561205047381624,0.2899182184258095
577,2022,0.8434931355867756,0.02785445080482249,-0.8539633212944837,150075,USD,0.5328318323338842,0.7991556699925819,100,0.7561205047381624,0.2899182184258095
578,2022,0.8434931355867756,0.02785445080482249,-0.3792785813441618,100000,USD,-0.17345670518597825,0.7991556699925819,100,0.7561205047381624,0.2899182184258095
579,2022,0.8434931355867756,0.02785445080482249,-0.3792785813441618,25000,USD,-1.231302742409936,0.7991556699925819,100,0.7561205047381624,0.2899182184258095
580,2022,0.8434931355867756,0.02785445080482249,-0.8539633212944837,126500,USD,0.20031556129982017,0.7991556699925819,100,0.7561205047381624,0.2899182184258095
581,2022,0.8434931355867756,0.02785445080482249,-0.8539633212944837,106260,USD,-0.08516182261235192,0.7991556699925819,100,0.7561205047381624,0.2899182184258095
582,2022,0.8434931355867756,0.02785445080482249,-0.3792785813441618,220110,USD,1.520648461893616,0.7991556699925819,100,0.7561205047381624,0.2899182184258095
583,2022,0.8434931355867756,0.02785445080482249,-0.3792785813441618,160080,USD,0.6739484936995602,0.7991556699925819,100,0.7561205047381624,0.2899182184258095
584,2022,0.8434931355867756,0.02785445080482249,-0.8539633212944837,105000,USD,-0.10293363603771441,0.7991556699925819,100,0.7561205047381624,0.2899182184258095
585,2022,0.8434931355867756,0.02785445080482249,-0.8539633212944837,110925,USD,-0.01936379909702174,0.7991556699925819,100,0.7561205047381624,0.2899182184258095
586,2022,-0.12437138861203878,0.02785445080482249,-0.8539633212944837,35000,GBP,-0.9378280424563509,-1.1177532392309029,0,-1.1166970131184666,0.2899182184258095
587,2022,0.8434931355867756,0.02785445080482249,0.0954061586061601,140000,USD,0.39072784800013255,0.7991556699925819,100,0.7561205047381624,0.2899182184258095
588,2022,0.8434931355867756,0.02785445080482249,-0.8539633212944837,99000,USD,-0.18756131901563103,0.7991556699925819,0,0.7561205047381624,0.2899182184258095
589,2022,0.8434931355867756,0.02785445080482249,-0.8539633212944837,60000,USD,-0.737641258372089,0.7991556699925819,100,0.7561205047381624,0.2899182184258095
590,2022,0.8434931355867756,0.02785445080482249,-0.47421552933422617,192564,USD,1.1321227693420008,0.7991556699925819,100,0.7561205047381624,0.2899182184258095
591,2022,0.8434931355867756,0.02785445080482249,-0.47421552933422617,144854,USD,0.4591916435292671,0.7991556699925819,100,0.7561205047381624,0.2899182184258095
592,2022,0.8434931355867756,0.02785445080482249,0.0954061586061601,230000,USD,1.6601430926688818,0.7991556699925819,100,0.7561205047381624,0.2899182184258095
593,2022,0.8434931355867756,0.02785445080482249,0.0954061586061601,150000,USD,0.5317739862966603,0.7991556699925819,100,0.7561205047381624,0.2899182184258095
594,2022,0.8434931355867756,0.02785445080482249,-0.5691524773242905,150260,USD,0.53544118589237,0.7991556699925819,100,0.7561205047381624,0.2899182184258095
595,2022,0.8434931355867756,0.02785445080482249,-0.5691524773242905,109280,USD,-0.04256588884680055,0.7991556699925819,100,0.7561205047381624,0.2899182184258095
596,2022,0.8434931355867756,0.02785445080482249,0.0954061586061601,210000,USD,1.3780508160758265,0.7991556699925819,100,0.7561205047381624,0.2899182184258095
597,2022,0.8434931355867756,0.02785445080482249,-0.8539633212944837,170000,USD,0.8138662628897156,0.7991556699925819,100,0.7561205047381624,0.2899182184258095
598,2022,-0.12437138861203878,0.02785445080482249,0.0954061586061601,160000,USD,0.672820124593188,0.7991556699925819,100,0.7561205047381624,0.2899182184258095
599,2022,-0.12437138861203878,0.02785445080482249,0.0954061586061601,130000,USD,0.24968170970360484,0.7991556699925819,100,0.7561205047381624,0.2899182184258095
600,2022,-2.0601004370096674,0.02785445080482249,-0.8539633212944837,67000,USD,-0.6389089615645197,-1.774979150964669,0,-1.8658240202611183,0.2899182184258095
601,2022,-2.0601004370096674,0.02785445080482249,-0.8539633212944837,52000,USD,-0.8504781690093113,-1.774979150964669,0,-1.8658240202611183,0.2899182184258095
602,2022,0.8434931355867756,0.02785445080482249,-0.3792785813441618,154000,USD,0.5881924416152714,0.7991556699925819,100,0.7561205047381624,0.2899182184258095
603,2022,0.8434931355867756,0.02785445080482249,-0.3792785813441618,126000,USD,0.19326325438499378,0.7991556699925819,100,0.7561205047381624,0.2899182184258095
604,2022,0.8434931355867756,0.02785445080482249,-0.8539633212944837,129000,USD,0.2355770958739521,0.7991556699925819,0,0.7561205047381624,0.2899182184258095
605,2022,0.8434931355867756,0.02785445080482249,-0.8539633212944837,150000,USD,0.5317739862966603,0.7991556699925819,100,0.7561205047381624,0.2899182184258095
606,2022,-0.12437138861203878,0.02785445080482249,-1.8982697491851919,200000,USD,1.2370046777792987,-0.7343714573862059,100,0.7561205047381624,-1.2403457692652027
